device_id,device_code,data_time,anomaly_type,event_id,start_time,end_time,original_value,injected_value,multiplier
6,WT-2001,2026-01-01 01:00:00,SPIKE_LOW,OUTLIER-0213,2026-01-01 01:00:00,2026-01-01 01:00:00,2.78,0.28,0.100000
6,WT-2001,2026-01-01 06:00:00,MISSING,MISSING-0299,2026-01-01 06:00:00,2026-01-01 06:00:00,2.83,,
4,EL-1004,2026-01-02 12:00:00,MISSING,MISSING-0334,2026-01-02 12:00:00,2026-01-02 12:00:00,56.71,,
3,EL-1003,2026-01-02 17:00:00,MISSING,MISSING-0428,2026-01-02 17:00:00,2026-01-02 17:00:00,91.60,,
4,EL-1004,2026-01-04 13:00:00,SPIKE_HIGH,OUTLIER-0177,2026-01-04 13:00:00,2026-01-04 13:00:00,11.11,55.55,5.000000
2,EL-1002,2026-01-05 03:00:00,MISSING,MISSING-0131,2026-01-05 03:00:00,2026-01-05 03:00:00,34.20,,
6,WT-2001,2026-01-05 09:00:00,MISSING,MISSING-0150,2026-01-05 09:00:00,2026-01-05 09:00:00,6.39,,
2,EL-1002,2026-01-05 18:00:00,MISSING,MISSING-0400,2026-01-05 18:00:00,2026-01-05 18:00:00,36.42,,
3,EL-1003,2026-01-06 05:00:00,SPIKE_LOW,OUTLIER-0216,2026-01-06 05:00:00,2026-01-06 05:00:00,45.39,4.54,0.100000
4,EL-1004,2026-01-07 05:00:00,MISSING,MISSING-0202,2026-01-07 05:00:00,2026-01-07 05:00:00,19.87,,
3,EL-1003,2026-01-08 02:00:00,MISSING,MISSING-0431,2026-01-08 02:00:00,2026-01-08 02:00:00,41.31,,
5,EL-1005,2026-01-08 11:00:00,MISSING,MISSING-0116,2026-01-08 11:00:00,2026-01-08 11:00:00,23.48,,
6,WT-2001,2026-01-09 12:00:00,MISSING,MISSING-0437,2026-01-09 12:00:00,2026-01-09 12:00:00,5.52,,
1,EL-1001,2026-01-09 19:00:00,MISSING,MISSING-0450,2026-01-09 19:00:00,2026-01-09 19:00:00,53.32,,
4,EL-1004,2026-01-09 19:00:00,DRIFT,DRIFT-0011,2026-01-09 19:00:00,2026-01-10 06:00:00,27.54,28.23,1.025000
4,EL-1004,2026-01-09 20:00:00,DRIFT,DRIFT-0011,2026-01-09 19:00:00,2026-01-10 06:00:00,22.01,23.11,1.050000
4,EL-1004,2026-01-09 21:00:00,DRIFT,DRIFT-0011,2026-01-09 19:00:00,2026-01-10 06:00:00,25.91,27.85,1.075000
4,EL-1004,2026-01-09 22:00:00,DRIFT,DRIFT-0011,2026-01-09 19:00:00,2026-01-10 06:00:00,20.07,22.08,1.100000
4,EL-1004,2026-01-09 23:00:00,DRIFT,DRIFT-0011,2026-01-09 19:00:00,2026-01-10 06:00:00,27.26,30.67,1.125000
4,EL-1004,2026-01-10 00:00:00,DRIFT,DRIFT-0011,2026-01-09 19:00:00,2026-01-10 06:00:00,4.48,5.15,1.150000
4,EL-1004,2026-01-10 01:00:00,DRIFT,DRIFT-0011,2026-01-09 19:00:00,2026-01-10 06:00:00,5.51,6.47,1.175000
4,EL-1004,2026-01-10 02:00:00,DRIFT,DRIFT-0011,2026-01-09 19:00:00,2026-01-10 06:00:00,5.21,6.25,1.200000
4,EL-1004,2026-01-10 03:00:00,DRIFT,DRIFT-0011,2026-01-09 19:00:00,2026-01-10 06:00:00,4.44,5.44,1.225000
4,EL-1004,2026-01-10 04:00:00,DRIFT,DRIFT-0011,2026-01-09 19:00:00,2026-01-10 06:00:00,5.64,7.05,1.250000
4,EL-1004,2026-01-10 05:00:00,DRIFT,DRIFT-0011,2026-01-09 19:00:00,2026-01-10 06:00:00,5.24,6.68,1.275000
4,EL-1004,2026-01-10 06:00:00,DRIFT,DRIFT-0011,2026-01-09 19:00:00,2026-01-10 06:00:00,4.91,6.38,1.300000
4,EL-1004,2026-01-10 18:00:00,MISSING,MISSING-0489,2026-01-10 18:00:00,2026-01-10 18:00:00,5.02,,
2,EL-1002,2026-01-10 20:00:00,SPIKE_HIGH,OUTLIER-0169,2026-01-10 20:00:00,2026-01-10 20:00:00,7.18,35.90,5.000000
1,EL-1001,2026-01-11 07:00:00,SPIKE_HIGH,OUTLIER-0077,2026-01-11 07:00:00,2026-01-11 07:00:00,10.25,51.25,5.000000
6,WT-2001,2026-01-11 15:00:00,SPIKE_HIGH,OUTLIER-0046,2026-01-11 15:00:00,2026-01-11 15:00:00,1.34,6.70,5.000000
5,EL-1005,2026-01-12 22:00:00,MISSING,MISSING-0007,2026-01-12 22:00:00,2026-01-12 22:00:00,8.31,,
6,WT-2001,2026-01-14 10:00:00,MISSING,MISSING-0382,2026-01-14 10:00:00,2026-01-14 10:00:00,5.40,,
1,EL-1001,2026-01-14 13:00:00,MISSING,MISSING-0270,2026-01-14 13:00:00,2026-01-14 13:00:00,120.21,,
3,EL-1003,2026-01-14 16:00:00,MISSING,MISSING-0448,2026-01-14 16:00:00,2026-01-14 16:00:00,117.30,,
3,EL-1003,2026-01-15 05:00:00,MISSING,MISSING-0394,2026-01-15 05:00:00,2026-01-15 05:00:00,47.84,,
5,EL-1005,2026-01-15 09:00:00,MISSING,MISSING-0319,2026-01-15 09:00:00,2026-01-15 09:00:00,22.99,,
3,EL-1003,2026-01-15 10:00:00,MISSING,MISSING-0089,2026-01-15 10:00:00,2026-01-15 10:00:00,95.86,,
3,EL-1003,2026-01-15 16:00:00,MISSING,MISSING-0244,2026-01-15 16:00:00,2026-01-15 16:00:00,104.21,,
5,EL-1005,2026-01-15 23:00:00,MISSING,MISSING-0324,2026-01-15 23:00:00,2026-01-15 23:00:00,9.83,,
1,EL-1001,2026-01-16 04:00:00,MISSING,MISSING-0095,2026-01-16 04:00:00,2026-01-16 04:00:00,56.01,,
5,EL-1005,2026-01-16 08:00:00,SPIKE_LOW,OUTLIER-0230,2026-01-16 08:00:00,2026-01-16 08:00:00,19.91,1.99,0.100000
4,EL-1004,2026-01-16 11:00:00,MISSING,MISSING-0279,2026-01-16 11:00:00,2026-01-16 11:00:00,52.68,,
5,EL-1005,2026-01-17 01:00:00,MISSING,MISSING-0026,2026-01-17 01:00:00,2026-01-17 01:00:00,2.06,,
5,EL-1005,2026-01-17 15:00:00,MISSING,MISSING-0078,2026-01-17 15:00:00,2026-01-17 15:00:00,4.27,,
3,EL-1003,2026-01-17 23:00:00,MISSING,MISSING-0484,2026-01-17 23:00:00,2026-01-17 23:00:00,7.80,,
6,WT-2001,2026-01-18 02:00:00,MISSING,MISSING-0476,2026-01-18 02:00:00,2026-01-18 02:00:00,0.59,,
5,EL-1005,2026-01-18 11:00:00,DRIFT,DRIFT-0012,2026-01-18 11:00:00,2026-01-18 22:00:00,4.58,4.69,1.025000
5,EL-1005,2026-01-18 12:00:00,DRIFT,DRIFT-0012,2026-01-18 11:00:00,2026-01-18 22:00:00,4.03,4.23,1.050000
5,EL-1005,2026-01-18 13:00:00,DRIFT,DRIFT-0012,2026-01-18 11:00:00,2026-01-18 22:00:00,5.09,5.47,1.075000
5,EL-1005,2026-01-18 14:00:00,DRIFT,DRIFT-0012,2026-01-18 11:00:00,2026-01-18 22:00:00,4.20,4.62,1.100000
5,EL-1005,2026-01-18 15:00:00,DRIFT,DRIFT-0012,2026-01-18 11:00:00,2026-01-18 22:00:00,4.00,4.50,1.125000
5,EL-1005,2026-01-18 16:00:00,DRIFT,DRIFT-0012,2026-01-18 11:00:00,2026-01-18 22:00:00,4.12,4.74,1.150000
5,EL-1005,2026-01-18 17:00:00,DRIFT,DRIFT-0012,2026-01-18 11:00:00,2026-01-18 22:00:00,4.99,5.86,1.175000
5,EL-1005,2026-01-18 18:00:00,DRIFT,DRIFT-0012,2026-01-18 11:00:00,2026-01-18 22:00:00,1.61,1.93,1.200000
5,EL-1005,2026-01-18 19:00:00,DRIFT,DRIFT-0012,2026-01-18 11:00:00,2026-01-18 22:00:00,1.86,2.28,1.225000
2,EL-1002,2026-01-18 20:00:00,SPIKE_HIGH,OUTLIER-0004,2026-01-18 20:00:00,2026-01-18 20:00:00,7.40,37.00,5.000000
5,EL-1005,2026-01-18 20:00:00,DRIFT,DRIFT-0012,2026-01-18 11:00:00,2026-01-18 22:00:00,2.04,2.55,1.250000
5,EL-1005,2026-01-18 21:00:00,DRIFT,DRIFT-0012,2026-01-18 11:00:00,2026-01-18 22:00:00,2.02,2.58,1.275000
5,EL-1005,2026-01-18 22:00:00,DRIFT,DRIFT-0012,2026-01-18 11:00:00,2026-01-18 22:00:00,2.04,2.65,1.300000
6,WT-2001,2026-01-19 10:00:00,SPIKE_LOW,OUTLIER-0081,2026-01-19 10:00:00,2026-01-19 10:00:00,6.91,0.69,0.100000
4,EL-1004,2026-01-19 12:00:00,MISSING,MISSING-0121,2026-01-19 12:00:00,2026-01-19 12:00:00,60.10,,
5,EL-1005,2026-01-20 07:00:00,MISSING,MISSING-0014,2026-01-20 07:00:00,2026-01-20 07:00:00,9.13,,
6,WT-2001,2026-01-20 11:00:00,MISSING,MISSING-0442,2026-01-20 11:00:00,2026-01-20 11:00:00,6.43,,
6,WT-2001,2026-01-21 17:00:00,MISSING,MISSING-0301,2026-01-21 17:00:00,2026-01-21 17:00:00,7.09,,
2,EL-1002,2026-01-22 00:00:00,SPIKE_HIGH,OUTLIER-0259,2026-01-22 00:00:00,2026-01-22 00:00:00,34.68,173.40,5.000000
3,EL-1003,2026-01-22 01:00:00,MISSING,MISSING-0313,2026-01-22 01:00:00,2026-01-22 01:00:00,43.21,,
5,EL-1005,2026-01-22 05:00:00,MISSING,MISSING-0495,2026-01-22 05:00:00,2026-01-22 05:00:00,9.80,,
3,EL-1003,2026-01-22 23:00:00,MISSING,MISSING-0181,2026-01-22 23:00:00,2026-01-22 23:00:00,37.22,,
2,EL-1002,2026-01-23 22:00:00,SPIKE_HIGH,OUTLIER-0059,2026-01-23 22:00:00,2026-01-23 22:00:00,36.62,183.10,5.000000
5,EL-1005,2026-01-24 00:00:00,MISSING,MISSING-0506,2026-01-24 00:00:00,2026-01-24 00:00:00,2.16,,
1,EL-1001,2026-01-25 01:00:00,DRIFT,DRIFT-0013,2026-01-25 01:00:00,2026-01-25 12:00:00,11.14,11.42,1.025000
1,EL-1001,2026-01-25 02:00:00,DRIFT,DRIFT-0013,2026-01-25 01:00:00,2026-01-25 12:00:00,10.47,10.99,1.050000
1,EL-1001,2026-01-25 03:00:00,DRIFT,DRIFT-0013,2026-01-25 01:00:00,2026-01-25 12:00:00,10.52,11.31,1.075000
1,EL-1001,2026-01-25 04:00:00,DRIFT,DRIFT-0013,2026-01-25 01:00:00,2026-01-25 12:00:00,11.84,13.02,1.100000
1,EL-1001,2026-01-25 05:00:00,DRIFT,DRIFT-0013,2026-01-25 01:00:00,2026-01-25 12:00:00,11.63,13.08,1.125000
1,EL-1001,2026-01-25 06:00:00,DRIFT,DRIFT-0013,2026-01-25 01:00:00,2026-01-25 12:00:00,11.25,12.94,1.150000
1,EL-1001,2026-01-25 07:00:00,DRIFT,DRIFT-0013,2026-01-25 01:00:00,2026-01-25 12:00:00,11.66,13.70,1.175000
2,EL-1002,2026-01-25 07:00:00,SPIKE_HIGH,OUTLIER-0042,2026-01-25 07:00:00,2026-01-25 07:00:00,8.11,40.55,5.000000
1,EL-1001,2026-01-25 08:00:00,DRIFT,DRIFT-0013,2026-01-25 01:00:00,2026-01-25 12:00:00,28.98,34.78,1.200000
1,EL-1001,2026-01-25 09:00:00,DRIFT,DRIFT-0013,2026-01-25 01:00:00,2026-01-25 12:00:00,27.90,34.18,1.225000
1,EL-1001,2026-01-25 10:00:00,DRIFT,DRIFT-0013,2026-01-25 01:00:00,2026-01-25 12:00:00,24.64,30.80,1.250000
2,EL-1002,2026-01-25 10:00:00,MISSING,MISSING-0127,2026-01-25 10:00:00,2026-01-25 10:00:00,15.98,,
1,EL-1001,2026-01-25 11:00:00,DRIFT,DRIFT-0013,2026-01-25 01:00:00,2026-01-25 12:00:00,28.63,36.50,1.275000
1,EL-1001,2026-01-25 12:00:00,DRIFT,DRIFT-0013,2026-01-25 01:00:00,2026-01-25 12:00:00,23.29,30.28,1.300000
6,WT-2001,2026-01-25 17:00:00,MISSING,MISSING-0161,2026-01-25 17:00:00,2026-01-25 17:00:00,1.44,,
6,WT-2001,2026-01-27 04:00:00,SPIKE_LOW,OUTLIER-0194,2026-01-27 04:00:00,2026-01-27 04:00:00,2.78,0.28,0.100000
6,WT-2001,2026-01-27 10:00:00,SPIKE_LOW,OUTLIER-0136,2026-01-27 10:00:00,2026-01-27 10:00:00,6.33,0.63,0.100000
5,EL-1005,2026-01-27 12:00:00,MISSING,MISSING-0231,2026-01-27 12:00:00,2026-01-27 12:00:00,24.25,,
1,EL-1001,2026-01-27 20:00:00,MISSING,MISSING-0049,2026-01-27 20:00:00,2026-01-27 20:00:00,62.05,,
5,EL-1005,2026-01-27 22:00:00,SPIKE_HIGH,OUTLIER-0100,2026-01-27 22:00:00,2026-01-27 22:00:00,8.39,41.95,5.000000
2,EL-1002,2026-01-27 23:00:00,MISSING,MISSING-0471,2026-01-27 23:00:00,2026-01-27 23:00:00,36.94,,
1,EL-1001,2026-01-28 03:00:00,SPIKE_LOW,OUTLIER-0163,2026-01-28 03:00:00,2026-01-28 03:00:00,52.13,5.21,0.100000
6,WT-2001,2026-01-28 04:00:00,SPIKE_LOW,OUTLIER-0141,2026-01-28 04:00:00,2026-01-28 04:00:00,2.61,0.26,0.100000
1,EL-1001,2026-01-28 12:00:00,MISSING,MISSING-0458,2026-01-28 12:00:00,2026-01-28 12:00:00,136.35,,
4,EL-1004,2026-01-28 23:00:00,MISSING,MISSING-0492,2026-01-28 23:00:00,2026-01-28 23:00:00,23.31,,
4,EL-1004,2026-01-29 15:00:00,MISSING,MISSING-0443,2026-01-29 15:00:00,2026-01-29 15:00:00,49.64,,
2,EL-1002,2026-01-29 19:00:00,SPIKE_LOW,OUTLIER-0201,2026-01-29 19:00:00,2026-01-29 19:00:00,38.67,3.87,0.100000
3,EL-1003,2026-01-31 00:00:00,MISSING,MISSING-0388,2026-01-31 00:00:00,2026-01-31 00:00:00,8.62,,
3,EL-1003,2026-01-31 13:00:00,MISSING,MISSING-0017,2026-01-31 13:00:00,2026-01-31 13:00:00,18.81,,
1,EL-1001,2026-02-01 02:00:00,MISSING,MISSING-0006,2026-02-01 02:00:00,2026-02-01 02:00:00,10.13,,
3,EL-1003,2026-02-01 05:00:00,SPIKE_LOW,OUTLIER-0190,2026-02-01 05:00:00,2026-02-01 05:00:00,8.09,0.81,0.100000
3,EL-1003,2026-02-01 15:00:00,MISSING,MISSING-0214,2026-02-01 15:00:00,2026-02-01 15:00:00,18.54,,
3,EL-1003,2026-02-01 23:00:00,SPIKE_HIGH,OUTLIER-0005,2026-02-01 23:00:00,2026-02-01 23:00:00,9.09,45.45,5.000000
5,EL-1005,2026-02-02 10:00:00,MISSING,MISSING-0277,2026-02-02 10:00:00,2026-02-02 10:00:00,23.07,,
2,EL-1002,2026-02-02 22:00:00,SPIKE_LOW,OUTLIER-0114,2026-02-02 22:00:00,2026-02-02 22:00:00,37.30,3.73,0.100000
3,EL-1003,2026-02-03 09:00:00,SPIKE_HIGH,OUTLIER-0072,2026-02-03 09:00:00,2026-02-03 09:00:00,95.40,477.00,5.000000
3,EL-1003,2026-02-04 07:00:00,MISSING,MISSING-0248,2026-02-04 07:00:00,2026-02-04 07:00:00,37.34,,
2,EL-1002,2026-02-04 13:00:00,SPIKE_LOW,OUTLIER-0189,2026-02-04 13:00:00,2026-02-04 13:00:00,71.22,7.12,0.100000
4,EL-1004,2026-02-05 01:00:00,MISSING,MISSING-0104,2026-02-05 01:00:00,2026-02-05 01:00:00,25.03,,
6,WT-2001,2026-02-07 01:00:00,MISSING,MISSING-0064,2026-02-07 01:00:00,2026-02-07 01:00:00,0.60,,
1,EL-1001,2026-02-07 14:00:00,MISSING,MISSING-0097,2026-02-07 14:00:00,2026-02-07 14:00:00,25.28,,
4,EL-1004,2026-02-07 15:00:00,MISSING,MISSING-0210,2026-02-07 15:00:00,2026-02-07 15:00:00,11.06,,
6,WT-2001,2026-02-08 04:00:00,SPIKE_LOW,OUTLIER-0125,2026-02-08 04:00:00,2026-02-08 04:00:00,0.57,0.06,0.100000
3,EL-1003,2026-02-08 13:00:00,MISSING,MISSING-0048,2026-02-08 13:00:00,2026-02-08 13:00:00,21.97,,
6,WT-2001,2026-02-09 05:00:00,SPIKE_HIGH,OUTLIER-0016,2026-02-09 05:00:00,2026-02-09 05:00:00,3.13,15.65,5.000000
6,WT-2001,2026-02-10 04:00:00,MISSING,MISSING-0247,2026-02-10 04:00:00,2026-02-10 04:00:00,2.99,,
6,WT-2001,2026-02-10 08:00:00,SPIKE_HIGH,OUTLIER-0002,2026-02-10 08:00:00,2026-02-10 08:00:00,7.29,36.45,5.000000
4,EL-1004,2026-02-10 16:00:00,MISSING,MISSING-0013,2026-02-10 16:00:00,2026-02-10 16:00:00,48.32,,
3,EL-1003,2026-02-10 18:00:00,SPIKE_HIGH,OUTLIER-0074,2026-02-10 18:00:00,2026-02-10 18:00:00,51.41,257.05,5.000000
2,EL-1002,2026-02-10 22:00:00,MISSING,MISSING-0314,2026-02-10 22:00:00,2026-02-10 22:00:00,36.00,,
3,EL-1003,2026-02-11 13:00:00,SPIKE_LOW,OUTLIER-0249,2026-02-11 13:00:00,2026-02-11 13:00:00,105.21,10.52,0.100000
6,WT-2001,2026-02-11 17:00:00,MISSING,MISSING-0156,2026-02-11 17:00:00,2026-02-11 17:00:00,6.74,,
6,WT-2001,2026-02-11 22:00:00,MISSING,MISSING-0503,2026-02-11 22:00:00,2026-02-11 22:00:00,2.91,,
3,EL-1003,2026-02-12 10:00:00,MISSING,MISSING-0128,2026-02-12 10:00:00,2026-02-12 10:00:00,107.80,,
3,EL-1003,2026-02-12 12:00:00,MISSING,MISSING-0123,2026-02-12 12:00:00,2026-02-12 12:00:00,99.61,,
3,EL-1003,2026-02-12 15:00:00,MISSING,MISSING-0408,2026-02-12 15:00:00,2026-02-12 15:00:00,119.42,,
3,EL-1003,2026-02-12 20:00:00,MISSING,MISSING-0411,2026-02-12 20:00:00,2026-02-12 20:00:00,44.71,,
1,EL-1001,2026-02-12 21:00:00,MISSING,MISSING-0360,2026-02-12 21:00:00,2026-02-12 21:00:00,56.26,,
4,EL-1004,2026-02-14 03:00:00,MISSING,MISSING-0383,2026-02-14 03:00:00,2026-02-14 03:00:00,4.67,,
3,EL-1003,2026-02-14 17:00:00,MISSING,MISSING-0218,2026-02-14 17:00:00,2026-02-14 17:00:00,19.46,,
4,EL-1004,2026-02-15 09:00:00,DRIFT,DRIFT-0009,2026-02-15 09:00:00,2026-02-15 20:00:00,11.62,11.91,1.025000
4,EL-1004,2026-02-15 10:00:00,DRIFT,DRIFT-0009,2026-02-15 09:00:00,2026-02-15 20:00:00,12.03,12.63,1.050000
4,EL-1004,2026-02-15 11:00:00,DRIFT,DRIFT-0009,2026-02-15 09:00:00,2026-02-15 20:00:00,11.67,12.55,1.075000
4,EL-1004,2026-02-15 12:00:00,DRIFT,DRIFT-0009,2026-02-15 09:00:00,2026-02-15 20:00:00,9.25,10.18,1.100000
4,EL-1004,2026-02-15 13:00:00,DRIFT,DRIFT-0009,2026-02-15 09:00:00,2026-02-15 20:00:00,11.22,12.62,1.125000
4,EL-1004,2026-02-15 14:00:00,DRIFT,DRIFT-0009,2026-02-15 09:00:00,2026-02-15 20:00:00,10.84,12.47,1.150000
4,EL-1004,2026-02-15 15:00:00,DRIFT,DRIFT-0009,2026-02-15 09:00:00,2026-02-15 20:00:00,11.13,13.08,1.175000
4,EL-1004,2026-02-15 16:00:00,DRIFT,DRIFT-0009,2026-02-15 09:00:00,2026-02-15 20:00:00,10.14,12.17,1.200000
4,EL-1004,2026-02-15 17:00:00,DRIFT,DRIFT-0009,2026-02-15 09:00:00,2026-02-15 20:00:00,11.15,13.66,1.225000
4,EL-1004,2026-02-15 18:00:00,DRIFT,DRIFT-0009,2026-02-15 09:00:00,2026-02-15 20:00:00,4.38,5.47,1.250000
4,EL-1004,2026-02-15 19:00:00,DRIFT,DRIFT-0009,2026-02-15 09:00:00,2026-02-15 20:00:00,4.44,5.66,1.275000
4,EL-1004,2026-02-15 20:00:00,DRIFT,DRIFT-0009,2026-02-15 09:00:00,2026-02-15 20:00:00,5.00,6.50,1.300000
6,WT-2001,2026-02-16 01:00:00,MISSING,MISSING-0246,2026-02-16 01:00:00,2026-02-16 01:00:00,2.85,,
5,EL-1005,2026-02-16 12:00:00,MISSING,MISSING-0430,2026-02-16 12:00:00,2026-02-16 12:00:00,21.62,,
6,WT-2001,2026-02-16 23:00:00,MISSING,MISSING-0227,2026-02-16 23:00:00,2026-02-16 23:00:00,3.06,,
5,EL-1005,2026-02-17 09:00:00,SPIKE_LOW,OUTLIER-0156,2026-02-17 09:00:00,2026-02-17 09:00:00,24.41,2.44,0.100000
6,WT-2001,2026-02-18 13:00:00,MISSING,MISSING-0180,2026-02-18 13:00:00,2026-02-18 13:00:00,6.78,,
6,WT-2001,2026-02-18 14:00:00,SPIKE_LOW,OUTLIER-0170,2026-02-18 14:00:00,2026-02-18 14:00:00,6.89,0.69,0.100000
1,EL-1001,2026-02-19 18:00:00,SPIKE_HIGH,OUTLIER-0236,2026-02-19 18:00:00,2026-02-19 18:00:00,51.21,256.05,5.000000
1,EL-1001,2026-02-20 10:00:00,SPIKE_LOW,OUTLIER-0260,2026-02-20 10:00:00,2026-02-20 10:00:00,113.08,11.31,0.100000
1,EL-1001,2026-02-20 11:00:00,MISSING,MISSING-0403,2026-02-20 11:00:00,2026-02-20 11:00:00,137.56,,
1,EL-1001,2026-02-20 12:00:00,MISSING,MISSING-0292,2026-02-20 12:00:00,2026-02-20 12:00:00,134.25,,
1,EL-1001,2026-02-20 18:00:00,SPIKE_LOW,OUTLIER-0058,2026-02-20 18:00:00,2026-02-20 18:00:00,56.78,5.68,0.100000
4,EL-1004,2026-02-21 06:00:00,MISSING,MISSING-0303,2026-02-21 06:00:00,2026-02-21 06:00:00,5.14,,
3,EL-1003,2026-02-21 20:00:00,MISSING,MISSING-0511,2026-02-21 20:00:00,2026-02-21 20:00:00,7.86,,
5,EL-1005,2026-02-22 01:00:00,MISSING,MISSING-0124,2026-02-22 01:00:00,2026-02-22 01:00:00,1.72,,
1,EL-1001,2026-02-22 06:00:00,MISSING,MISSING-0122,2026-02-22 06:00:00,2026-02-22 06:00:00,9.52,,
3,EL-1003,2026-02-22 09:00:00,SPIKE_HIGH,OUTLIER-0261,2026-02-22 09:00:00,2026-02-22 09:00:00,21.84,109.20,5.000000
1,EL-1001,2026-02-22 18:00:00,MISSING,MISSING-0083,2026-02-22 18:00:00,2026-02-22 18:00:00,11.65,,
5,EL-1005,2026-02-23 17:00:00,SPIKE_LOW,OUTLIER-0076,2026-02-23 17:00:00,2026-02-23 17:00:00,20.30,2.03,0.100000
6,WT-2001,2026-02-24 04:00:00,MISSING,MISSING-0459,2026-02-24 04:00:00,2026-02-24 04:00:00,2.72,,
4,EL-1004,2026-02-24 23:00:00,MISSING,MISSING-0217,2026-02-24 23:00:00,2026-02-24 23:00:00,26.37,,
1,EL-1001,2026-02-25 05:00:00,MISSING,MISSING-0269,2026-02-25 05:00:00,2026-02-25 05:00:00,46.54,,
1,EL-1001,2026-02-25 17:00:00,SPIKE_LOW,OUTLIER-0262,2026-02-25 17:00:00,2026-02-25 17:00:00,98.92,9.89,0.100000
3,EL-1003,2026-02-26 00:00:00,SPIKE_HIGH,OUTLIER-0143,2026-02-26 00:00:00,2026-02-26 00:00:00,47.09,235.45,5.000000
4,EL-1004,2026-02-26 01:00:00,MISSING,MISSING-0045,2026-02-26 01:00:00,2026-02-26 01:00:00,25.53,,
6,WT-2001,2026-02-26 06:00:00,SPIKE_LOW,OUTLIER-0021,2026-02-26 06:00:00,2026-02-26 06:00:00,3.40,0.34,0.100000
5,EL-1005,2026-02-26 16:00:00,SPIKE_LOW,OUTLIER-0102,2026-02-26 16:00:00,2026-02-26 16:00:00,23.44,2.34,0.100000
4,EL-1004,2026-02-26 18:00:00,SPIKE_HIGH,OUTLIER-0008,2026-02-26 18:00:00,2026-02-26 18:00:00,23.92,119.60,5.000000
2,EL-1002,2026-02-27 18:00:00,SPIKE_HIGH,OUTLIER-0130,2026-02-27 18:00:00,2026-02-27 18:00:00,33.46,167.30,5.000000
4,EL-1004,2026-02-27 19:00:00,MISSING,MISSING-0364,2026-02-27 19:00:00,2026-02-27 19:00:00,27.54,,
4,EL-1004,2026-02-27 23:00:00,SPIKE_HIGH,OUTLIER-0094,2026-02-27 23:00:00,2026-02-27 23:00:00,24.05,120.25,5.000000
1,EL-1001,2026-02-28 07:00:00,SPIKE_LOW,OUTLIER-0048,2026-02-28 07:00:00,2026-02-28 07:00:00,11.52,1.15,0.100000
3,EL-1003,2026-02-28 13:00:00,SPIKE_HIGH,OUTLIER-0009,2026-02-28 13:00:00,2026-02-28 13:00:00,20.00,100.00,5.000000
2,EL-1002,2026-03-01 02:00:00,MISSING,MISSING-0283,2026-03-01 02:00:00,2026-03-01 02:00:00,6.68,,
1,EL-1001,2026-03-01 09:00:00,MISSING,MISSING-0171,2026-03-01 09:00:00,2026-03-01 09:00:00,24.18,,
1,EL-1001,2026-03-01 20:00:00,SPIKE_LOW,OUTLIER-0020,2026-03-01 20:00:00,2026-03-01 20:00:00,10.89,1.09,0.100000
2,EL-1002,2026-03-03 21:00:00,SPIKE_HIGH,OUTLIER-0101,2026-03-03 21:00:00,2026-03-03 21:00:00,34.80,174.00,5.000000
1,EL-1001,2026-03-04 00:00:00,MISSING,MISSING-0101,2026-03-04 00:00:00,2026-03-04 00:00:00,51.72,,
3,EL-1003,2026-03-04 00:00:00,MISSING,MISSING-0286,2026-03-04 00:00:00,2026-03-04 00:00:00,34.21,,
4,EL-1004,2026-03-04 03:00:00,MISSING,MISSING-0134,2026-03-04 03:00:00,2026-03-04 03:00:00,23.39,,
5,EL-1005,2026-03-04 05:00:00,MISSING,MISSING-0482,2026-03-04 05:00:00,2026-03-04 05:00:00,8.18,,
1,EL-1001,2026-03-04 23:00:00,MISSING,MISSING-0490,2026-03-04 23:00:00,2026-03-04 23:00:00,46.68,,
2,EL-1002,2026-03-05 13:00:00,MISSING,MISSING-0196,2026-03-05 13:00:00,2026-03-05 13:00:00,69.14,,
3,EL-1003,2026-03-06 10:00:00,SPIKE_LOW,OUTLIER-0133,2026-03-06 10:00:00,2026-03-06 10:00:00,87.88,8.79,0.100000
5,EL-1005,2026-03-06 22:00:00,MISSING,MISSING-0478,2026-03-06 22:00:00,2026-03-06 22:00:00,8.66,,
6,WT-2001,2026-03-07 03:00:00,MISSING,MISSING-0447,2026-03-07 03:00:00,2026-03-07 03:00:00,0.49,,
2,EL-1002,2026-03-07 18:00:00,MISSING,MISSING-0254,2026-03-07 18:00:00,2026-03-07 18:00:00,6.64,,
4,EL-1004,2026-03-07 23:00:00,MISSING,MISSING-0322,2026-03-07 23:00:00,2026-03-07 23:00:00,4.26,,
1,EL-1001,2026-03-08 05:00:00,MISSING,MISSING-0067,2026-03-08 05:00:00,2026-03-08 05:00:00,9.81,,
5,EL-1005,2026-03-08 11:00:00,MISSING,MISSING-0160,2026-03-08 11:00:00,2026-03-08 11:00:00,4.16,,
4,EL-1004,2026-03-08 13:00:00,MISSING,MISSING-0493,2026-03-08 13:00:00,2026-03-08 13:00:00,10.20,,
6,WT-2001,2026-03-08 23:00:00,MISSING,MISSING-0042,2026-03-08 23:00:00,2026-03-08 23:00:00,0.44,,
2,EL-1002,2026-03-09 01:00:00,MISSING,MISSING-0485,2026-03-09 01:00:00,2026-03-09 01:00:00,31.09,,
6,WT-2001,2026-03-09 17:00:00,MISSING,MISSING-0193,2026-03-09 17:00:00,2026-03-09 17:00:00,5.32,,
2,EL-1002,2026-03-10 00:00:00,SPIKE_HIGH,OUTLIER-0184,2026-03-10 00:00:00,2026-03-10 00:00:00,30.31,151.55,5.000000
6,WT-2001,2026-03-10 05:00:00,SPIKE_HIGH,OUTLIER-0199,2026-03-10 05:00:00,2026-03-10 05:00:00,2.24,11.20,5.000000
5,EL-1005,2026-03-10 12:00:00,SPIKE_LOW,OUTLIER-0135,2026-03-10 12:00:00,2026-03-10 12:00:00,18.76,1.88,0.100000
4,EL-1004,2026-03-10 21:00:00,SPIKE_LOW,OUTLIER-0185,2026-03-10 21:00:00,2026-03-10 21:00:00,21.18,2.12,0.100000
2,EL-1002,2026-03-11 05:00:00,SPIKE_HIGH,OUTLIER-0178,2026-03-11 05:00:00,2026-03-11 05:00:00,34.08,170.40,5.000000
4,EL-1004,2026-03-12 04:00:00,MISSING,MISSING-0130,2026-03-12 04:00:00,2026-03-12 04:00:00,21.40,,
4,EL-1004,2026-03-12 11:00:00,MISSING,MISSING-0332,2026-03-12 11:00:00,2026-03-12 11:00:00,49.75,,
5,EL-1005,2026-03-12 12:00:00,SPIKE_HIGH,OUTLIER-0203,2026-03-12 12:00:00,2026-03-12 12:00:00,21.82,109.10,5.000000
6,WT-2001,2026-03-12 22:00:00,MISSING,MISSING-0513,2026-03-12 22:00:00,2026-03-12 22:00:00,2.31,,
2,EL-1002,2026-03-12 23:00:00,SPIKE_LOW,OUTLIER-0144,2026-03-12 23:00:00,2026-03-12 23:00:00,31.00,3.10,0.100000
6,WT-2001,2026-03-12 23:00:00,MISSING,MISSING-0416,2026-03-12 23:00:00,2026-03-12 23:00:00,2.43,,
3,EL-1003,2026-03-13 02:00:00,MISSING,MISSING-0213,2026-03-13 02:00:00,2026-03-13 02:00:00,37.17,,
6,WT-2001,2026-03-13 05:00:00,MISSING,MISSING-0337,2026-03-13 05:00:00,2026-03-13 05:00:00,2.30,,
1,EL-1001,2026-03-14 00:00:00,MISSING,MISSING-0370,2026-03-14 00:00:00,2026-03-14 00:00:00,10.30,,
3,EL-1003,2026-03-14 02:00:00,MISSING,MISSING-0102,2026-03-14 02:00:00,2026-03-14 02:00:00,6.99,,
1,EL-1001,2026-03-14 15:00:00,MISSING,MISSING-0453,2026-03-14 15:00:00,2026-03-14 15:00:00,21.42,,
4,EL-1004,2026-03-15 23:00:00,MISSING,MISSING-0488,2026-03-15 23:00:00,2026-03-15 23:00:00,4.32,,
3,EL-1003,2026-03-16 14:00:00,MISSING,MISSING-0099,2026-03-16 14:00:00,2026-03-16 14:00:00,90.64,,
2,EL-1002,2026-03-17 03:00:00,MISSING,MISSING-0461,2026-03-17 03:00:00,2026-03-17 03:00:00,34.46,,
5,EL-1005,2026-03-17 09:00:00,MISSING,MISSING-0291,2026-03-17 09:00:00,2026-03-17 09:00:00,16.24,,
1,EL-1001,2026-03-17 15:00:00,SPIKE_LOW,OUTLIER-0115,2026-03-17 15:00:00,2026-03-17 15:00:00,104.76,10.48,0.100000
4,EL-1004,2026-03-17 21:00:00,SPIKE_LOW,OUTLIER-0034,2026-03-17 21:00:00,2026-03-17 21:00:00,20.14,2.01,0.100000
5,EL-1005,2026-03-17 23:00:00,MISSING,MISSING-0287,2026-03-17 23:00:00,2026-03-17 23:00:00,8.15,,
3,EL-1003,2026-03-18 07:00:00,MISSING,MISSING-0032,2026-03-18 07:00:00,2026-03-18 07:00:00,38.13,,
3,EL-1003,2026-03-18 16:00:00,SPIKE_HIGH,OUTLIER-0235,2026-03-18 16:00:00,2026-03-18 16:00:00,81.84,409.20,5.000000
6,WT-2001,2026-03-19 01:00:00,MISSING,MISSING-0333,2026-03-19 01:00:00,2026-03-19 01:00:00,2.26,,
6,WT-2001,2026-03-19 05:00:00,SPIKE_LOW,OUTLIER-0090,2026-03-19 05:00:00,2026-03-19 05:00:00,2.55,0.26,0.100000
4,EL-1004,2026-03-21 06:00:00,SPIKE_LOW,OUTLIER-0017,2026-03-21 06:00:00,2026-03-21 06:00:00,4.76,0.48,0.100000
2,EL-1002,2026-03-21 13:00:00,MISSING,MISSING-0205,2026-03-21 13:00:00,2026-03-21 13:00:00,13.60,,
3,EL-1003,2026-03-21 18:00:00,MISSING,MISSING-0114,2026-03-21 18:00:00,2026-03-21 18:00:00,7.38,,
6,WT-2001,2026-03-22 02:00:00,MISSING,MISSING-0003,2026-03-22 02:00:00,2026-03-22 02:00:00,0.44,,
6,WT-2001,2026-03-22 15:00:00,MISSING,MISSING-0469,2026-03-22 15:00:00,2026-03-22 15:00:00,1.16,,
5,EL-1005,2026-03-24 21:00:00,SPIKE_HIGH,OUTLIER-0118,2026-03-24 21:00:00,2026-03-24 21:00:00,8.42,42.10,5.000000
5,EL-1005,2026-03-24 22:00:00,MISSING,MISSING-0317,2026-03-24 22:00:00,2026-03-24 22:00:00,9.33,,
2,EL-1002,2026-03-25 17:00:00,MISSING,MISSING-0345,2026-03-25 17:00:00,2026-03-25 17:00:00,78.94,,
6,WT-2001,2026-03-25 19:00:00,MISSING,MISSING-0140,2026-03-25 19:00:00,2026-03-25 19:00:00,2.51,,
1,EL-1001,2026-03-25 20:00:00,DRIFT,DRIFT-0003,2026-03-25 20:00:00,2026-03-26 07:00:00,45.32,46.45,1.025000
1,EL-1001,2026-03-25 21:00:00,DRIFT,DRIFT-0003,2026-03-25 20:00:00,2026-03-26 07:00:00,49.90,52.40,1.050000
6,WT-2001,2026-03-25 21:00:00,SPIKE_LOW,OUTLIER-0079,2026-03-25 21:00:00,2026-03-25 21:00:00,2.56,0.26,0.100000
1,EL-1001,2026-03-25 22:00:00,DRIFT,DRIFT-0003,2026-03-25 20:00:00,2026-03-26 07:00:00,47.72,51.30,1.075000
1,EL-1001,2026-03-25 23:00:00,DRIFT,DRIFT-0003,2026-03-25 20:00:00,2026-03-26 07:00:00,45.87,50.46,1.100000
1,EL-1001,2026-03-26 00:00:00,DRIFT,DRIFT-0003,2026-03-25 20:00:00,2026-03-26 07:00:00,47.55,53.49,1.125000
1,EL-1001,2026-03-26 01:00:00,DRIFT,DRIFT-0003,2026-03-25 20:00:00,2026-03-26 07:00:00,45.50,52.32,1.150000
4,EL-1004,2026-03-26 01:00:00,DRIFT,DRIFT-0007,2026-03-26 01:00:00,2026-03-26 12:00:00,21.87,22.42,1.025000
1,EL-1001,2026-03-26 02:00:00,DRIFT,DRIFT-0003,2026-03-25 20:00:00,2026-03-26 07:00:00,50.07,58.83,1.175000
4,EL-1004,2026-03-26 02:00:00,DRIFT,DRIFT-0007,2026-03-26 01:00:00,2026-03-26 12:00:00,21.04,22.09,1.050000
1,EL-1001,2026-03-26 03:00:00,DRIFT,DRIFT-0003,2026-03-25 20:00:00,2026-03-26 07:00:00,45.35,54.42,1.200000
4,EL-1004,2026-03-26 03:00:00,DRIFT,DRIFT-0007,2026-03-26 01:00:00,2026-03-26 12:00:00,22.47,24.16,1.075000
1,EL-1001,2026-03-26 04:00:00,DRIFT,DRIFT-0003,2026-03-25 20:00:00,2026-03-26 07:00:00,44.03,53.94,1.225000
4,EL-1004,2026-03-26 04:00:00,DRIFT,DRIFT-0007,2026-03-26 01:00:00,2026-03-26 12:00:00,20.49,22.54,1.100000
1,EL-1001,2026-03-26 05:00:00,DRIFT,DRIFT-0003,2026-03-25 20:00:00,2026-03-26 07:00:00,54.97,68.71,1.250000
4,EL-1004,2026-03-26 05:00:00,DRIFT,DRIFT-0007,2026-03-26 01:00:00,2026-03-26 12:00:00,22.06,24.82,1.125000
1,EL-1001,2026-03-26 06:00:00,DRIFT,DRIFT-0003,2026-03-25 20:00:00,2026-03-26 07:00:00,51.03,65.06,1.275000
4,EL-1004,2026-03-26 06:00:00,DRIFT,DRIFT-0007,2026-03-26 01:00:00,2026-03-26 12:00:00,20.63,23.72,1.150000
1,EL-1001,2026-03-26 07:00:00,DRIFT,DRIFT-0003,2026-03-25 20:00:00,2026-03-26 07:00:00,41.34,53.74,1.300000
4,EL-1004,2026-03-26 07:00:00,DRIFT,DRIFT-0007,2026-03-26 01:00:00,2026-03-26 12:00:00,21.04,24.72,1.175000
4,EL-1004,2026-03-26 08:00:00,DRIFT,DRIFT-0007,2026-03-26 01:00:00,2026-03-26 12:00:00,52.43,62.92,1.200000
4,EL-1004,2026-03-26 09:00:00,DRIFT,DRIFT-0007,2026-03-26 01:00:00,2026-03-26 12:00:00,51.68,63.31,1.225000
4,EL-1004,2026-03-26 10:00:00,DRIFT,DRIFT-0007,2026-03-26 01:00:00,2026-03-26 12:00:00,45.40,56.75,1.250000
4,EL-1004,2026-03-26 11:00:00,DRIFT,DRIFT-0007,2026-03-26 01:00:00,2026-03-26 12:00:00,46.56,59.36,1.275000
4,EL-1004,2026-03-26 12:00:00,DRIFT,DRIFT-0007,2026-03-26 01:00:00,2026-03-26 12:00:00,45.60,59.28,1.300000
6,WT-2001,2026-03-26 18:00:00,MISSING,MISSING-0024,2026-03-26 18:00:00,2026-03-26 18:00:00,2.33,,
6,WT-2001,2026-03-27 06:00:00,MISSING,MISSING-0404,2026-03-27 06:00:00,2026-03-27 06:00:00,2.32,,
5,EL-1005,2026-03-27 20:00:00,MISSING,MISSING-0050,2026-03-27 20:00:00,2026-03-27 20:00:00,6.74,,
1,EL-1001,2026-03-28 03:00:00,MISSING,MISSING-0496,2026-03-28 03:00:00,2026-03-28 03:00:00,10.08,,
5,EL-1005,2026-03-28 14:00:00,SPIKE_LOW,OUTLIER-0010,2026-03-28 14:00:00,2026-03-28 14:00:00,3.55,0.35,0.100000
2,EL-1002,2026-03-30 09:00:00,SPIKE_HIGH,OUTLIER-0241,2026-03-30 09:00:00,2026-03-30 09:00:00,65.04,325.20,5.000000
2,EL-1002,2026-03-31 08:00:00,SPIKE_HIGH,OUTLIER-0223,2026-03-31 08:00:00,2026-03-31 08:00:00,71.15,355.75,5.000000
5,EL-1005,2026-03-31 11:00:00,MISSING,MISSING-0454,2026-03-31 11:00:00,2026-03-31 11:00:00,18.96,,
3,EL-1003,2026-03-31 17:00:00,MISSING,MISSING-0265,2026-03-31 17:00:00,2026-03-31 17:00:00,95.16,,
4,EL-1004,2026-04-01 10:00:00,SPIKE_LOW,OUTLIER-0066,2026-04-01 10:00:00,2026-04-01 10:00:00,50.92,5.09,0.100000
4,EL-1004,2026-04-01 12:00:00,SPIKE_LOW,OUTLIER-0124,2026-04-01 12:00:00,2026-04-01 12:00:00,54.88,5.49,0.100000
3,EL-1003,2026-04-01 13:00:00,SPIKE_HIGH,OUTLIER-0063,2026-04-01 13:00:00,2026-04-01 13:00:00,82.24,411.20,5.000000
4,EL-1004,2026-04-01 20:00:00,MISSING,MISSING-0521,2026-04-01 20:00:00,2026-04-01 20:00:00,18.26,,
3,EL-1003,2026-04-02 06:00:00,SPIKE_HIGH,OUTLIER-0147,2026-04-02 06:00:00,2026-04-02 06:00:00,38.12,190.60,5.000000
4,EL-1004,2026-04-02 08:00:00,MISSING,MISSING-0331,2026-04-02 08:00:00,2026-04-02 08:00:00,48.40,,
5,EL-1005,2026-04-02 18:00:00,MISSING,MISSING-0164,2026-04-02 18:00:00,2026-04-02 18:00:00,7.93,,
4,EL-1004,2026-04-02 20:00:00,SPIKE_LOW,OUTLIER-0126,2026-04-02 20:00:00,2026-04-02 20:00:00,19.32,1.93,0.100000
1,EL-1001,2026-04-03 00:00:00,MISSING,MISSING-0074,2026-04-03 00:00:00,2026-04-03 00:00:00,48.72,,
4,EL-1004,2026-04-03 04:00:00,MISSING,MISSING-0179,2026-04-03 04:00:00,2026-04-03 04:00:00,20.00,,
1,EL-1001,2026-04-03 23:00:00,MISSING,MISSING-0034,2026-04-03 23:00:00,2026-04-03 23:00:00,42.22,,
3,EL-1003,2026-04-03 23:00:00,SPIKE_LOW,OUTLIER-0093,2026-04-03 23:00:00,2026-04-03 23:00:00,44.80,4.48,0.100000
4,EL-1004,2026-04-04 16:00:00,MISSING,MISSING-0090,2026-04-04 16:00:00,2026-04-04 16:00:00,9.78,,
1,EL-1001,2026-04-05 03:00:00,MISSING,MISSING-0395,2026-04-05 03:00:00,2026-04-05 03:00:00,9.63,,
6,WT-2001,2026-04-05 11:00:00,MISSING,MISSING-0197,2026-04-05 11:00:00,2026-04-05 11:00:00,1.20,,
4,EL-1004,2026-04-08 02:00:00,SPIKE_LOW,OUTLIER-0107,2026-04-08 02:00:00,2026-04-08 02:00:00,20.93,2.09,0.100000
6,WT-2001,2026-04-08 13:00:00,MISSING,MISSING-0004,2026-04-08 13:00:00,2026-04-08 13:00:00,6.38,,
5,EL-1005,2026-04-08 20:00:00,MISSING,MISSING-0009,2026-04-08 20:00:00,2026-04-08 20:00:00,7.69,,
1,EL-1001,2026-04-08 22:00:00,MISSING,MISSING-0066,2026-04-08 22:00:00,2026-04-08 22:00:00,56.37,,
4,EL-1004,2026-04-09 13:00:00,MISSING,MISSING-0502,2026-04-09 13:00:00,2026-04-09 13:00:00,47.10,,
4,EL-1004,2026-04-09 16:00:00,MISSING,MISSING-0329,2026-04-09 16:00:00,2026-04-09 16:00:00,49.60,,
4,EL-1004,2026-04-09 17:00:00,MISSING,MISSING-0357,2026-04-09 17:00:00,2026-04-09 17:00:00,46.36,,
1,EL-1001,2026-04-09 20:00:00,MISSING,MISSING-0412,2026-04-09 20:00:00,2026-04-09 20:00:00,46.77,,
4,EL-1004,2026-04-10 06:00:00,MISSING,MISSING-0019,2026-04-10 06:00:00,2026-04-10 06:00:00,17.57,,
1,EL-1001,2026-04-10 16:00:00,SPIKE_HIGH,OUTLIER-0028,2026-04-10 16:00:00,2026-04-10 16:00:00,115.43,577.15,5.000000
3,EL-1003,2026-04-10 18:00:00,MISSING,MISSING-0387,2026-04-10 18:00:00,2026-04-10 18:00:00,37.90,,
3,EL-1003,2026-04-11 07:00:00,MISSING,MISSING-0073,2026-04-11 07:00:00,2026-04-11 07:00:00,7.25,,
5,EL-1005,2026-04-11 15:00:00,SPIKE_HIGH,OUTLIER-0215,2026-04-11 15:00:00,2026-04-11 15:00:00,3.21,16.05,5.000000
6,WT-2001,2026-04-11 22:00:00,SPIKE_LOW,OUTLIER-0196,2026-04-11 22:00:00,2026-04-11 22:00:00,0.51,0.05,0.100000
4,EL-1004,2026-04-12 00:00:00,MISSING,MISSING-0374,2026-04-12 00:00:00,2026-04-12 00:00:00,3.56,,
4,EL-1004,2026-04-12 08:00:00,SPIKE_LOW,OUTLIER-0221,2026-04-12 08:00:00,2026-04-12 08:00:00,9.88,0.99,0.100000
2,EL-1002,2026-04-13 01:00:00,MISSING,MISSING-0119,2026-04-13 01:00:00,2026-04-13 01:00:00,29.16,,
2,EL-1002,2026-04-13 16:00:00,MISSING,MISSING-0149,2026-04-13 16:00:00,2026-04-13 16:00:00,81.73,,
1,EL-1001,2026-04-14 07:00:00,MISSING,MISSING-0100,2026-04-14 07:00:00,2026-04-14 07:00:00,49.51,,
6,WT-2001,2026-04-14 22:00:00,MISSING,MISSING-0021,2026-04-14 22:00:00,2026-04-14 22:00:00,2.18,,
5,EL-1005,2026-04-15 19:00:00,MISSING,MISSING-0084,2026-04-15 19:00:00,2026-04-15 19:00:00,7.85,,
2,EL-1002,2026-04-15 23:00:00,SPIKE_HIGH,OUTLIER-0219,2026-04-15 23:00:00,2026-04-15 23:00:00,29.62,148.10,5.000000
3,EL-1003,2026-04-16 19:00:00,SPIKE_HIGH,OUTLIER-0193,2026-04-16 19:00:00,2026-04-16 19:00:00,39.34,196.70,5.000000
6,WT-2001,2026-04-17 10:00:00,SPIKE_LOW,OUTLIER-0239,2026-04-17 10:00:00,2026-04-17 10:00:00,5.25,0.53,0.100000
5,EL-1005,2026-04-17 19:00:00,MISSING,MISSING-0325,2026-04-17 19:00:00,2026-04-17 19:00:00,8.53,,
5,EL-1005,2026-04-18 04:00:00,MISSING,MISSING-0474,2026-04-18 04:00:00,2026-04-18 04:00:00,1.52,,
3,EL-1003,2026-04-18 05:00:00,MISSING,MISSING-0268,2026-04-18 05:00:00,2026-04-18 05:00:00,7.06,,
2,EL-1002,2026-04-18 17:00:00,MISSING,MISSING-0507,2026-04-18 17:00:00,2026-04-18 17:00:00,14.19,,
5,EL-1005,2026-04-19 05:00:00,MISSING,MISSING-0305,2026-04-19 05:00:00,2026-04-19 05:00:00,1.44,,
3,EL-1003,2026-04-19 13:00:00,MISSING,MISSING-0504,2026-04-19 13:00:00,2026-04-19 13:00:00,15.09,,
5,EL-1005,2026-04-19 18:00:00,SPIKE_LOW,OUTLIER-0092,2026-04-19 18:00:00,2026-04-19 18:00:00,1.59,0.16,0.100000
1,EL-1001,2026-04-19 19:00:00,SPIKE_HIGH,OUTLIER-0096,2026-04-19 19:00:00,2026-04-19 19:00:00,9.32,46.60,5.000000
1,EL-1001,2026-04-20 02:00:00,MISSING,MISSING-0139,2026-04-20 02:00:00,2026-04-20 02:00:00,49.78,,
3,EL-1003,2026-04-20 06:00:00,SPIKE_HIGH,OUTLIER-0154,2026-04-20 06:00:00,2026-04-20 06:00:00,38.93,194.65,5.000000
4,EL-1004,2026-04-20 12:00:00,MISSING,MISSING-0172,2026-04-20 12:00:00,2026-04-20 12:00:00,46.89,,
3,EL-1003,2026-04-20 14:00:00,MISSING,MISSING-0327,2026-04-20 14:00:00,2026-04-20 14:00:00,97.60,,
1,EL-1001,2026-04-21 00:00:00,MISSING,MISSING-0192,2026-04-21 00:00:00,2026-04-21 00:00:00,54.34,,
2,EL-1002,2026-04-21 19:00:00,SPIKE_HIGH,OUTLIER-0023,2026-04-21 19:00:00,2026-04-21 19:00:00,27.26,136.30,5.000000
1,EL-1001,2026-04-21 22:00:00,MISSING,MISSING-0098,2026-04-21 22:00:00,2026-04-21 22:00:00,51.69,,
6,WT-2001,2026-04-22 09:00:00,MISSING,MISSING-0468,2026-04-22 09:00:00,2026-04-22 09:00:00,5.68,,
3,EL-1003,2026-04-22 10:00:00,MISSING,MISSING-0207,2026-04-22 10:00:00,2026-04-22 10:00:00,81.91,,
2,EL-1002,2026-04-23 16:00:00,MISSING,MISSING-0052,2026-04-23 16:00:00,2026-04-23 16:00:00,69.03,,
3,EL-1003,2026-04-24 00:00:00,SPIKE_HIGH,OUTLIER-0055,2026-04-24 00:00:00,2026-04-24 00:00:00,42.44,212.20,5.000000
5,EL-1005,2026-04-24 02:00:00,SPIKE_LOW,OUTLIER-0132,2026-04-24 02:00:00,2026-04-24 02:00:00,8.50,0.85,0.100000
6,WT-2001,2026-04-24 02:00:00,SPIKE_LOW,OUTLIER-0207,2026-04-24 02:00:00,2026-04-24 02:00:00,2.55,0.26,0.100000
2,EL-1002,2026-04-24 08:00:00,SPIKE_HIGH,OUTLIER-0091,2026-04-24 08:00:00,2026-04-24 08:00:00,71.76,358.80,5.000000
5,EL-1005,2026-04-24 16:00:00,DRIFT,DRIFT-0004,2026-04-24 16:00:00,2026-04-25 03:00:00,19.72,20.21,1.025000
4,EL-1004,2026-04-24 17:00:00,MISSING,MISSING-0117,2026-04-24 17:00:00,2026-04-24 17:00:00,51.01,,
5,EL-1005,2026-04-24 17:00:00,DRIFT,DRIFT-0004,2026-04-24 16:00:00,2026-04-25 03:00:00,20.96,22.01,1.050000
5,EL-1005,2026-04-24 18:00:00,DRIFT,DRIFT-0004,2026-04-24 16:00:00,2026-04-25 03:00:00,7.43,7.99,1.075000
5,EL-1005,2026-04-24 19:00:00,DRIFT,DRIFT-0004,2026-04-24 16:00:00,2026-04-25 03:00:00,8.07,8.88,1.100000
5,EL-1005,2026-04-24 20:00:00,DRIFT,DRIFT-0004,2026-04-24 16:00:00,2026-04-25 03:00:00,8.64,9.72,1.125000
5,EL-1005,2026-04-24 21:00:00,DRIFT,DRIFT-0004,2026-04-24 16:00:00,2026-04-25 03:00:00,8.53,9.81,1.150000
5,EL-1005,2026-04-24 22:00:00,DRIFT,DRIFT-0004,2026-04-24 16:00:00,2026-04-25 03:00:00,9.70,11.40,1.175000
5,EL-1005,2026-04-24 23:00:00,DRIFT,DRIFT-0004,2026-04-24 16:00:00,2026-04-25 03:00:00,8.96,10.75,1.200000
5,EL-1005,2026-04-25 00:00:00,DRIFT,DRIFT-0004,2026-04-24 16:00:00,2026-04-25 03:00:00,1.64,2.01,1.225000
5,EL-1005,2026-04-25 01:00:00,DRIFT,DRIFT-0004,2026-04-24 16:00:00,2026-04-25 03:00:00,1.58,1.98,1.250000
5,EL-1005,2026-04-25 02:00:00,DRIFT,DRIFT-0004,2026-04-24 16:00:00,2026-04-25 03:00:00,1.84,2.35,1.275000
3,EL-1003,2026-04-25 03:00:00,MISSING,MISSING-0167,2026-04-25 03:00:00,2026-04-25 03:00:00,7.16,,
5,EL-1005,2026-04-25 03:00:00,DRIFT,DRIFT-0004,2026-04-24 16:00:00,2026-04-25 03:00:00,1.61,2.09,1.300000
3,EL-1003,2026-04-25 05:00:00,MISSING,MISSING-0228,2026-04-25 05:00:00,2026-04-25 05:00:00,8.67,,
5,EL-1005,2026-04-25 09:00:00,SPIKE_HIGH,OUTLIER-0067,2026-04-25 09:00:00,2026-04-25 09:00:00,3.64,18.20,5.000000
5,EL-1005,2026-04-26 00:00:00,MISSING,MISSING-0271,2026-04-26 00:00:00,2026-04-26 00:00:00,1.86,,
5,EL-1005,2026-04-26 17:00:00,MISSING,MISSING-0261,2026-04-26 17:00:00,2026-04-26 17:00:00,3.73,,
4,EL-1004,2026-04-26 22:00:00,MISSING,MISSING-0328,2026-04-26 22:00:00,2026-04-26 22:00:00,4.23,,
2,EL-1002,2026-04-27 05:00:00,SPIKE_HIGH,OUTLIER-0069,2026-04-27 05:00:00,2026-04-27 05:00:00,30.76,153.80,5.000000
6,WT-2001,2026-04-27 07:00:00,MISSING,MISSING-0451,2026-04-27 07:00:00,2026-04-27 07:00:00,2.64,,
1,EL-1001,2026-04-27 11:00:00,DRIFT,DRIFT-0001,2026-04-27 11:00:00,2026-04-27 22:00:00,107.75,110.44,1.025000
1,EL-1001,2026-04-27 12:00:00,DRIFT,DRIFT-0001,2026-04-27 11:00:00,2026-04-27 22:00:00,101.00,106.05,1.050000
1,EL-1001,2026-04-27 13:00:00,DRIFT,DRIFT-0001,2026-04-27 11:00:00,2026-04-27 22:00:00,117.78,126.61,1.075000
1,EL-1001,2026-04-27 14:00:00,DRIFT,DRIFT-0001,2026-04-27 11:00:00,2026-04-27 22:00:00,104.71,115.18,1.100000
1,EL-1001,2026-04-27 15:00:00,DRIFT,DRIFT-0001,2026-04-27 11:00:00,2026-04-27 22:00:00,109.37,123.04,1.125000
1,EL-1001,2026-04-27 16:00:00,DRIFT,DRIFT-0001,2026-04-27 11:00:00,2026-04-27 22:00:00,101.88,117.16,1.150000
1,EL-1001,2026-04-27 17:00:00,DRIFT,DRIFT-0001,2026-04-27 11:00:00,2026-04-27 22:00:00,111.16,130.61,1.175000
1,EL-1001,2026-04-27 18:00:00,DRIFT,DRIFT-0001,2026-04-27 11:00:00,2026-04-27 22:00:00,44.82,53.78,1.200000
1,EL-1001,2026-04-27 19:00:00,DRIFT,DRIFT-0001,2026-04-27 11:00:00,2026-04-27 22:00:00,55.09,67.49,1.225000
1,EL-1001,2026-04-27 20:00:00,DRIFT,DRIFT-0001,2026-04-27 11:00:00,2026-04-27 22:00:00,50.54,63.17,1.250000
1,EL-1001,2026-04-27 21:00:00,DRIFT,DRIFT-0001,2026-04-27 11:00:00,2026-04-27 22:00:00,44.28,56.46,1.275000
1,EL-1001,2026-04-27 22:00:00,DRIFT,DRIFT-0001,2026-04-27 11:00:00,2026-04-27 22:00:00,49.73,64.65,1.300000
5,EL-1005,2026-04-27 23:00:00,MISSING,MISSING-0368,2026-04-27 23:00:00,2026-04-27 23:00:00,7.78,,
3,EL-1003,2026-04-28 00:00:00,MISSING,MISSING-0092,2026-04-28 00:00:00,2026-04-28 00:00:00,32.05,,
2,EL-1002,2026-04-28 03:00:00,SPIKE_HIGH,OUTLIER-0026,2026-04-28 03:00:00,2026-04-28 03:00:00,29.62,148.10,5.000000
5,EL-1005,2026-04-28 05:00:00,MISSING,MISSING-0267,2026-04-28 05:00:00,2026-04-28 05:00:00,9.07,,
3,EL-1003,2026-04-28 13:00:00,MISSING,MISSING-0273,2026-04-28 13:00:00,2026-04-28 13:00:00,85.76,,
5,EL-1005,2026-04-28 19:00:00,SPIKE_HIGH,OUTLIER-0174,2026-04-28 19:00:00,2026-04-28 19:00:00,8.58,42.90,5.000000
4,EL-1004,2026-04-29 09:00:00,SPIKE_LOW,OUTLIER-0222,2026-04-29 09:00:00,2026-04-29 09:00:00,50.19,5.02,0.100000
6,WT-2001,2026-04-29 21:00:00,MISSING,MISSING-0436,2026-04-29 21:00:00,2026-04-29 21:00:00,2.74,,
2,EL-1002,2026-04-30 18:00:00,MISSING,MISSING-0155,2026-04-30 18:00:00,2026-04-30 18:00:00,32.25,,
4,EL-1004,2026-05-01 05:00:00,SPIKE_HIGH,OUTLIER-0237,2026-05-01 05:00:00,2026-05-01 05:00:00,22.33,111.65,5.000000
6,WT-2001,2026-05-01 20:00:00,MISSING,MISSING-0253,2026-05-01 20:00:00,2026-05-01 20:00:00,2.39,,
4,EL-1004,2026-05-02 06:00:00,MISSING,MISSING-0133,2026-05-02 06:00:00,2026-05-02 06:00:00,3.82,,
4,EL-1004,2026-05-02 08:00:00,SPIKE_LOW,OUTLIER-0186,2026-05-02 08:00:00,2026-05-02 08:00:00,9.43,0.94,0.100000
5,EL-1005,2026-05-02 15:00:00,MISSING,MISSING-0350,2026-05-02 15:00:00,2026-05-02 15:00:00,3.99,,
2,EL-1002,2026-05-03 09:00:00,SPIKE_HIGH,OUTLIER-0065,2026-05-03 09:00:00,2026-05-03 09:00:00,14.16,70.80,5.000000
4,EL-1004,2026-05-03 11:00:00,MISSING,MISSING-0241,2026-05-03 11:00:00,2026-05-03 11:00:00,9.07,,
5,EL-1005,2026-05-03 14:00:00,SPIKE_LOW,OUTLIER-0082,2026-05-03 14:00:00,2026-05-03 14:00:00,3.70,0.37,0.100000
3,EL-1003,2026-05-05 08:00:00,DRIFT,DRIFT-0005,2026-05-05 08:00:00,2026-05-05 19:00:00,84.58,86.69,1.025000
3,EL-1003,2026-05-05 09:00:00,DRIFT,DRIFT-0005,2026-05-05 08:00:00,2026-05-05 19:00:00,92.96,97.61,1.050000
3,EL-1003,2026-05-05 10:00:00,DRIFT,DRIFT-0005,2026-05-05 08:00:00,2026-05-05 19:00:00,87.49,94.05,1.075000
3,EL-1003,2026-05-05 11:00:00,DRIFT,DRIFT-0005,2026-05-05 08:00:00,2026-05-05 19:00:00,84.63,93.09,1.100000
3,EL-1003,2026-05-05 12:00:00,DRIFT,DRIFT-0005,2026-05-05 08:00:00,2026-05-05 19:00:00,81.13,91.27,1.125000
3,EL-1003,2026-05-05 13:00:00,DRIFT,DRIFT-0005,2026-05-05 08:00:00,2026-05-05 19:00:00,93.83,107.90,1.150000
3,EL-1003,2026-05-05 14:00:00,DRIFT,DRIFT-0005,2026-05-05 08:00:00,2026-05-05 19:00:00,89.55,105.22,1.175000
3,EL-1003,2026-05-05 15:00:00,DRIFT,DRIFT-0005,2026-05-05 08:00:00,2026-05-05 19:00:00,86.97,104.36,1.200000
3,EL-1003,2026-05-05 16:00:00,DRIFT,DRIFT-0005,2026-05-05 08:00:00,2026-05-05 19:00:00,94.19,115.38,1.225000
3,EL-1003,2026-05-05 17:00:00,DRIFT,DRIFT-0005,2026-05-05 08:00:00,2026-05-05 19:00:00,95.86,119.83,1.250000
3,EL-1003,2026-05-05 18:00:00,DRIFT,DRIFT-0005,2026-05-05 08:00:00,2026-05-05 19:00:00,40.35,51.45,1.275000
3,EL-1003,2026-05-05 19:00:00,DRIFT,DRIFT-0005,2026-05-05 08:00:00,2026-05-05 19:00:00,35.35,45.96,1.300000
1,EL-1001,2026-05-06 09:00:00,MISSING,MISSING-0310,2026-05-06 09:00:00,2026-05-06 09:00:00,109.50,,
5,EL-1005,2026-05-06 11:00:00,MISSING,MISSING-0256,2026-05-06 11:00:00,2026-05-06 11:00:00,22.08,,
4,EL-1004,2026-05-07 07:00:00,MISSING,MISSING-0390,2026-05-07 07:00:00,2026-05-07 07:00:00,19.92,,
2,EL-1002,2026-05-07 09:00:00,SPIKE_HIGH,OUTLIER-0165,2026-05-07 09:00:00,2026-05-07 09:00:00,73.96,369.80,5.000000
6,WT-2001,2026-05-07 16:00:00,MISSING,MISSING-0251,2026-05-07 16:00:00,2026-05-07 16:00:00,5.83,,
1,EL-1001,2026-05-08 13:00:00,SPIKE_LOW,OUTLIER-0047,2026-05-08 13:00:00,2026-05-08 13:00:00,120.44,12.04,0.100000
1,EL-1001,2026-05-08 20:00:00,MISSING,MISSING-0515,2026-05-08 20:00:00,2026-05-08 20:00:00,54.30,,
2,EL-1002,2026-05-09 07:00:00,MISSING,MISSING-0225,2026-05-09 07:00:00,2026-05-09 07:00:00,6.64,,
1,EL-1001,2026-05-09 11:00:00,MISSING,MISSING-0385,2026-05-09 11:00:00,2026-05-09 11:00:00,22.64,,
5,EL-1005,2026-05-09 11:00:00,MISSING,MISSING-0358,2026-05-09 11:00:00,2026-05-09 11:00:00,3.58,,
5,EL-1005,2026-05-09 21:00:00,SPIKE_HIGH,OUTLIER-0057,2026-05-09 21:00:00,2026-05-09 21:00:00,1.56,7.80,5.000000
1,EL-1001,2026-05-09 22:00:00,SPIKE_HIGH,OUTLIER-0180,2026-05-09 22:00:00,2026-05-09 22:00:00,8.65,43.25,5.000000
6,WT-2001,2026-05-09 22:00:00,MISSING,MISSING-0103,2026-05-09 22:00:00,2026-05-09 22:00:00,0.48,,
3,EL-1003,2026-05-09 23:00:00,SPIKE_HIGH,OUTLIER-0247,2026-05-09 23:00:00,2026-05-09 23:00:00,7.08,35.40,5.000000
4,EL-1004,2026-05-10 03:00:00,MISSING,MISSING-0326,2026-05-10 03:00:00,2026-05-10 03:00:00,4.90,,
5,EL-1005,2026-05-10 06:00:00,SPIKE_LOW,OUTLIER-0128,2026-05-10 06:00:00,2026-05-10 06:00:00,1.79,0.18,0.100000
3,EL-1003,2026-05-10 17:00:00,MISSING,MISSING-0002,2026-05-10 17:00:00,2026-05-10 17:00:00,18.16,,
4,EL-1004,2026-05-11 00:00:00,MISSING,MISSING-0022,2026-05-11 00:00:00,2026-05-11 00:00:00,19.44,,
5,EL-1005,2026-05-11 07:00:00,MISSING,MISSING-0282,2026-05-11 07:00:00,2026-05-11 07:00:00,7.80,,
4,EL-1004,2026-05-12 13:00:00,MISSING,MISSING-0030,2026-05-12 13:00:00,2026-05-12 13:00:00,47.07,,
3,EL-1003,2026-05-12 23:00:00,MISSING,MISSING-0035,2026-05-12 23:00:00,2026-05-12 23:00:00,37.93,,
4,EL-1004,2026-05-13 05:00:00,MISSING,MISSING-0366,2026-05-13 05:00:00,2026-05-13 05:00:00,21.14,,
5,EL-1005,2026-05-13 19:00:00,MISSING,MISSING-0125,2026-05-13 19:00:00,2026-05-13 19:00:00,8.74,,
5,EL-1005,2026-05-14 02:00:00,MISSING,MISSING-0483,2026-05-14 02:00:00,2026-05-14 02:00:00,7.78,,
1,EL-1001,2026-05-15 04:00:00,MISSING,MISSING-0053,2026-05-15 04:00:00,2026-05-15 04:00:00,49.95,,
4,EL-1004,2026-05-15 11:00:00,MISSING,MISSING-0356,2026-05-15 11:00:00,2026-05-15 11:00:00,49.67,,
4,EL-1004,2026-05-16 02:00:00,SPIKE_LOW,OUTLIER-0166,2026-05-16 02:00:00,2026-05-16 02:00:00,4.27,0.43,0.100000
2,EL-1002,2026-05-16 11:00:00,SPIKE_LOW,OUTLIER-0248,2026-05-16 11:00:00,2026-05-16 11:00:00,15.92,1.59,0.100000
5,EL-1005,2026-05-16 12:00:00,SPIKE_LOW,OUTLIER-0018,2026-05-16 12:00:00,2026-05-16 12:00:00,3.53,0.35,0.100000
1,EL-1001,2026-05-16 14:00:00,MISSING,MISSING-0096,2026-05-16 14:00:00,2026-05-16 14:00:00,26.35,,
3,EL-1003,2026-05-16 16:00:00,MISSING,MISSING-0060,2026-05-16 16:00:00,2026-05-16 16:00:00,18.63,,
3,EL-1003,2026-05-17 12:00:00,MISSING,MISSING-0132,2026-05-17 12:00:00,2026-05-17 12:00:00,18.66,,
6,WT-2001,2026-05-17 20:00:00,SPIKE_LOW,OUTLIER-0068,2026-05-17 20:00:00,2026-05-17 20:00:00,0.54,0.05,0.100000
4,EL-1004,2026-05-18 04:00:00,MISSING,MISSING-0460,2026-05-18 04:00:00,2026-05-18 04:00:00,24.65,,
3,EL-1003,2026-05-18 20:00:00,SPIKE_LOW,OUTLIER-0252,2026-05-18 20:00:00,2026-05-18 20:00:00,38.96,3.90,0.100000
2,EL-1002,2026-05-19 11:00:00,MISSING,MISSING-0449,2026-05-19 11:00:00,2026-05-19 11:00:00,65.11,,
1,EL-1001,2026-05-19 19:00:00,SPIKE_HIGH,OUTLIER-0258,2026-05-19 19:00:00,2026-05-19 19:00:00,44.32,221.60,5.000000
6,WT-2001,2026-05-20 09:00:00,MISSING,MISSING-0259,2026-05-20 09:00:00,2026-05-20 09:00:00,5.86,,
4,EL-1004,2026-05-20 19:00:00,MISSING,MISSING-0397,2026-05-20 19:00:00,2026-05-20 19:00:00,20.86,,
6,WT-2001,2026-05-21 08:00:00,MISSING,MISSING-0481,2026-05-21 08:00:00,2026-05-21 08:00:00,5.99,,
6,WT-2001,2026-05-21 21:00:00,MISSING,MISSING-0263,2026-05-21 21:00:00,2026-05-21 21:00:00,2.12,,
5,EL-1005,2026-05-21 22:00:00,MISSING,MISSING-0200,2026-05-21 22:00:00,2026-05-21 22:00:00,8.35,,
2,EL-1002,2026-05-23 12:00:00,MISSING,MISSING-0233,2026-05-23 12:00:00,2026-05-23 12:00:00,13.56,,
3,EL-1003,2026-05-23 19:00:00,MISSING,MISSING-0367,2026-05-23 19:00:00,2026-05-23 19:00:00,7.46,,
2,EL-1002,2026-05-24 03:00:00,MISSING,MISSING-0033,2026-05-24 03:00:00,2026-05-24 03:00:00,5.78,,
1,EL-1001,2026-05-24 18:00:00,SPIKE_LOW,OUTLIER-0234,2026-05-24 18:00:00,2026-05-24 18:00:00,9.25,0.93,0.100000
6,WT-2001,2026-05-24 22:00:00,SPIKE_LOW,OUTLIER-0204,2026-05-24 22:00:00,2026-05-24 22:00:00,0.52,0.05,0.100000
1,EL-1001,2026-05-25 04:00:00,MISSING,MISSING-0079,2026-05-25 04:00:00,2026-05-25 04:00:00,52.86,,
6,WT-2001,2026-05-26 12:00:00,MISSING,MISSING-0025,2026-05-26 12:00:00,2026-05-26 12:00:00,5.13,,
6,WT-2001,2026-05-27 03:00:00,SPIKE_HIGH,OUTLIER-0151,2026-05-27 03:00:00,2026-05-27 03:00:00,2.43,12.15,5.000000
4,EL-1004,2026-05-27 14:00:00,MISSING,MISSING-0308,2026-05-27 14:00:00,2026-05-27 14:00:00,50.92,,
5,EL-1005,2026-05-28 17:00:00,SPIKE_HIGH,OUTLIER-0012,2026-05-28 17:00:00,2026-05-28 17:00:00,18.36,91.80,5.000000
1,EL-1001,2026-05-28 18:00:00,SPIKE_LOW,OUTLIER-0044,2026-05-28 18:00:00,2026-05-28 18:00:00,45.79,4.58,0.100000
1,EL-1001,2026-05-29 09:00:00,SPIKE_HIGH,OUTLIER-0160,2026-05-29 09:00:00,2026-05-29 09:00:00,111.52,557.60,5.000000
2,EL-1002,2026-05-29 11:00:00,MISSING,MISSING-0499,2026-05-29 11:00:00,2026-05-29 11:00:00,71.48,,
3,EL-1003,2026-05-29 15:00:00,MISSING,MISSING-0418,2026-05-29 15:00:00,2026-05-29 15:00:00,105.57,,
3,EL-1003,2026-05-29 23:00:00,MISSING,MISSING-0005,2026-05-29 23:00:00,2026-05-29 23:00:00,39.64,,
4,EL-1004,2026-05-30 19:00:00,SPIKE_LOW,OUTLIER-0173,2026-05-30 19:00:00,2026-05-30 19:00:00,3.86,0.39,0.100000
6,WT-2001,2026-05-31 06:00:00,SPIKE_HIGH,OUTLIER-0138,2026-05-31 06:00:00,2026-05-31 06:00:00,0.46,2.30,5.000000
3,EL-1003,2026-06-01 04:00:00,MISSING,MISSING-0311,2026-06-01 04:00:00,2026-06-01 04:00:00,37.68,,
4,EL-1004,2026-06-01 13:00:00,MISSING,MISSING-0320,2026-06-01 13:00:00,2026-06-01 13:00:00,42.62,,
2,EL-1002,2026-06-01 15:00:00,SPIKE_LOW,OUTLIER-0116,2026-06-01 15:00:00,2026-06-01 15:00:00,74.00,7.40,0.100000
3,EL-1003,2026-06-01 17:00:00,MISSING,MISSING-0018,2026-06-01 17:00:00,2026-06-01 17:00:00,82.56,,
2,EL-1002,2026-06-02 00:00:00,MISSING,MISSING-0188,2026-06-02 00:00:00,2026-06-02 00:00:00,29.41,,
6,WT-2001,2026-06-02 05:00:00,MISSING,MISSING-0185,2026-06-02 05:00:00,2026-06-02 05:00:00,2.43,,
2,EL-1002,2026-06-02 12:00:00,SPIKE_HIGH,OUTLIER-0134,2026-06-02 12:00:00,2026-06-02 12:00:00,76.06,380.30,5.000000
5,EL-1005,2026-06-02 22:00:00,MISSING,MISSING-0340,2026-06-02 22:00:00,2026-06-02 22:00:00,8.87,,
1,EL-1001,2026-06-03 01:00:00,MISSING,MISSING-0399,2026-06-03 01:00:00,2026-06-03 01:00:00,53.31,,
1,EL-1001,2026-06-03 09:00:00,MISSING,MISSING-0037,2026-06-03 09:00:00,2026-06-03 09:00:00,119.56,,
2,EL-1002,2026-06-04 19:00:00,MISSING,MISSING-0343,2026-06-04 19:00:00,2026-06-04 19:00:00,30.25,,
5,EL-1005,2026-06-05 06:00:00,SPIKE_LOW,OUTLIER-0209,2026-06-05 06:00:00,2026-06-05 06:00:00,8.52,0.85,0.100000
1,EL-1001,2026-06-06 09:00:00,MISSING,MISSING-0516,2026-06-06 09:00:00,2026-06-06 09:00:00,25.40,,
3,EL-1003,2026-06-07 00:00:00,MISSING,MISSING-0420,2026-06-07 00:00:00,2026-06-07 00:00:00,8.45,,
5,EL-1005,2026-06-07 20:00:00,SPIKE_HIGH,OUTLIER-0109,2026-06-07 20:00:00,2026-06-07 20:00:00,1.63,8.15,5.000000
1,EL-1001,2026-06-08 09:00:00,MISSING,MISSING-0336,2026-06-08 09:00:00,2026-06-08 09:00:00,110.95,,
3,EL-1003,2026-06-09 00:00:00,SPIKE_HIGH,OUTLIER-0159,2026-06-09 00:00:00,2026-06-09 00:00:00,36.34,181.70,5.000000
3,EL-1003,2026-06-09 07:00:00,MISSING,MISSING-0260,2026-06-09 07:00:00,2026-06-09 07:00:00,43.08,,
4,EL-1004,2026-06-09 16:00:00,MISSING,MISSING-0257,2026-06-09 16:00:00,2026-06-09 16:00:00,46.50,,
1,EL-1001,2026-06-09 21:00:00,MISSING,MISSING-0204,2026-06-09 21:00:00,2026-06-09 21:00:00,53.21,,
4,EL-1004,2026-06-10 03:00:00,MISSING,MISSING-0330,2026-06-10 03:00:00,2026-06-10 03:00:00,18.54,,
5,EL-1005,2026-06-10 19:00:00,MISSING,MISSING-0380,2026-06-10 19:00:00,2026-06-10 19:00:00,9.04,,
4,EL-1004,2026-06-11 16:00:00,MISSING,MISSING-0419,2026-06-11 16:00:00,2026-06-11 16:00:00,47.42,,
2,EL-1002,2026-06-12 04:00:00,MISSING,MISSING-0137,2026-06-12 04:00:00,2026-06-12 04:00:00,34.12,,
4,EL-1004,2026-06-12 10:00:00,MISSING,MISSING-0201,2026-06-12 10:00:00,2026-06-12 10:00:00,51.00,,
3,EL-1003,2026-06-12 15:00:00,MISSING,MISSING-0044,2026-06-12 15:00:00,2026-06-12 15:00:00,85.93,,
2,EL-1002,2026-06-13 21:00:00,SPIKE_LOW,OUTLIER-0015,2026-06-13 21:00:00,2026-06-13 21:00:00,5.13,0.51,0.100000
1,EL-1001,2026-06-14 09:00:00,SPIKE_LOW,OUTLIER-0120,2026-06-14 09:00:00,2026-06-14 09:00:00,24.59,2.46,0.100000
3,EL-1003,2026-06-14 20:00:00,MISSING,MISSING-0020,2026-06-14 20:00:00,2026-06-14 20:00:00,8.24,,
1,EL-1001,2026-06-15 06:00:00,MISSING,MISSING-0159,2026-06-15 06:00:00,2026-06-15 06:00:00,47.17,,
3,EL-1003,2026-06-15 19:00:00,MISSING,MISSING-0475,2026-06-15 19:00:00,2026-06-15 19:00:00,36.44,,
1,EL-1001,2026-06-16 02:00:00,MISSING,MISSING-0480,2026-06-16 02:00:00,2026-06-16 02:00:00,45.17,,
1,EL-1001,2026-06-17 00:00:00,MISSING,MISSING-0135,2026-06-17 00:00:00,2026-06-17 00:00:00,45.53,,
5,EL-1005,2026-06-17 15:00:00,MISSING,MISSING-0216,2026-06-17 15:00:00,2026-06-17 15:00:00,20.04,,
5,EL-1005,2026-06-19 20:00:00,SPIKE_LOW,OUTLIER-0217,2026-06-19 20:00:00,2026-06-19 20:00:00,9.50,0.95,0.100000
4,EL-1004,2026-06-20 02:00:00,SPIKE_HIGH,OUTLIER-0205,2026-06-20 02:00:00,2026-06-20 02:00:00,4.07,20.35,5.000000
1,EL-1001,2026-06-20 23:00:00,SPIKE_HIGH,OUTLIER-0038,2026-06-20 23:00:00,2026-06-20 23:00:00,9.69,48.45,5.000000
4,EL-1004,2026-06-21 17:00:00,MISSING,MISSING-0109,2026-06-21 17:00:00,2026-06-21 17:00:00,9.85,,
4,EL-1004,2026-06-22 05:00:00,SPIKE_HIGH,OUTLIER-0103,2026-06-22 05:00:00,2026-06-22 05:00:00,20.36,101.80,5.000000
6,WT-2001,2026-06-22 11:00:00,MISSING,MISSING-0029,2026-06-22 11:00:00,2026-06-22 11:00:00,5.19,,
6,WT-2001,2026-06-23 00:00:00,MISSING,MISSING-0055,2026-06-23 00:00:00,2026-06-23 00:00:00,2.51,,
5,EL-1005,2026-06-23 01:00:00,MISSING,MISSING-0252,2026-06-23 01:00:00,2026-06-23 01:00:00,8.26,,
2,EL-1002,2026-06-23 10:00:00,MISSING,MISSING-0512,2026-06-23 10:00:00,2026-06-23 10:00:00,68.59,,
3,EL-1003,2026-06-23 18:00:00,MISSING,MISSING-0165,2026-06-23 18:00:00,2026-06-23 18:00:00,35.19,,
2,EL-1002,2026-06-23 19:00:00,SPIKE_LOW,OUTLIER-0051,2026-06-23 19:00:00,2026-06-23 19:00:00,30.40,3.04,0.100000
3,EL-1003,2026-06-24 01:00:00,SPIKE_HIGH,OUTLIER-0181,2026-06-24 01:00:00,2026-06-24 01:00:00,41.96,209.80,5.000000
1,EL-1001,2026-06-24 15:00:00,SPIKE_HIGH,OUTLIER-0050,2026-06-24 15:00:00,2026-06-24 15:00:00,96.15,480.75,5.000000
5,EL-1005,2026-06-25 22:00:00,MISSING,MISSING-0063,2026-06-25 22:00:00,2026-06-25 22:00:00,8.28,,
5,EL-1005,2026-06-26 02:00:00,SPIKE_LOW,OUTLIER-0242,2026-06-26 02:00:00,2026-06-26 02:00:00,8.46,0.85,0.100000
2,EL-1002,2026-06-27 01:00:00,SPIKE_HIGH,OUTLIER-0183,2026-06-27 01:00:00,2026-06-27 01:00:00,6.55,32.75,5.000000
6,WT-2001,2026-06-27 14:00:00,SPIKE_LOW,OUTLIER-0164,2026-06-27 14:00:00,2026-06-27 14:00:00,1.09,0.11,0.100000
3,EL-1003,2026-06-27 20:00:00,MISSING,MISSING-0143,2026-06-27 20:00:00,2026-06-27 20:00:00,7.81,,
1,EL-1001,2026-06-28 05:00:00,SPIKE_HIGH,OUTLIER-0011,2026-06-28 05:00:00,2026-06-28 05:00:00,9.21,46.05,5.000000
4,EL-1004,2026-06-29 03:00:00,MISSING,MISSING-0501,2026-06-29 03:00:00,2026-06-29 03:00:00,23.26,,
6,WT-2001,2026-06-29 17:00:00,MISSING,MISSING-0115,2026-06-29 17:00:00,2026-06-29 17:00:00,5.03,,
6,WT-2001,2026-07-01 19:00:00,MISSING,MISSING-0434,2026-07-01 19:00:00,2026-07-01 19:00:00,2.44,,
4,EL-1004,2026-07-02 08:00:00,SPIKE_HIGH,OUTLIER-0200,2026-07-02 08:00:00,2026-07-02 08:00:00,53.25,266.25,5.000000
5,EL-1005,2026-07-03 14:00:00,SPIKE_HIGH,OUTLIER-0104,2026-07-03 14:00:00,2026-07-03 14:00:00,22.77,113.85,5.000000
3,EL-1003,2026-07-04 01:00:00,SPIKE_HIGH,OUTLIER-0019,2026-07-04 01:00:00,2026-07-04 01:00:00,8.93,44.65,5.000000
3,EL-1003,2026-07-04 04:00:00,DRIFT,DRIFT-0006,2026-07-04 04:00:00,2026-07-04 15:00:00,7.61,7.80,1.025000
3,EL-1003,2026-07-04 05:00:00,DRIFT,DRIFT-0006,2026-07-04 04:00:00,2026-07-04 15:00:00,9.57,10.05,1.050000
3,EL-1003,2026-07-04 06:00:00,DRIFT,DRIFT-0006,2026-07-04 04:00:00,2026-07-04 15:00:00,8.84,9.50,1.075000
3,EL-1003,2026-07-04 07:00:00,DRIFT,DRIFT-0006,2026-07-04 04:00:00,2026-07-04 15:00:00,8.01,8.81,1.100000
3,EL-1003,2026-07-04 08:00:00,DRIFT,DRIFT-0006,2026-07-04 04:00:00,2026-07-04 15:00:00,23.18,26.08,1.125000
3,EL-1003,2026-07-04 09:00:00,DRIFT,DRIFT-0006,2026-07-04 04:00:00,2026-07-04 15:00:00,20.14,23.16,1.150000
3,EL-1003,2026-07-04 10:00:00,DRIFT,DRIFT-0006,2026-07-04 04:00:00,2026-07-04 15:00:00,18.88,22.18,1.175000
3,EL-1003,2026-07-04 11:00:00,DRIFT,DRIFT-0006,2026-07-04 04:00:00,2026-07-04 15:00:00,20.53,24.64,1.200000
3,EL-1003,2026-07-04 12:00:00,DRIFT,DRIFT-0006,2026-07-04 04:00:00,2026-07-04 15:00:00,19.59,24.00,1.225000
3,EL-1003,2026-07-04 13:00:00,DRIFT,DRIFT-0006,2026-07-04 04:00:00,2026-07-04 15:00:00,20.46,25.58,1.250000
3,EL-1003,2026-07-04 14:00:00,DRIFT,DRIFT-0006,2026-07-04 04:00:00,2026-07-04 15:00:00,18.45,23.52,1.275000
3,EL-1003,2026-07-04 15:00:00,DRIFT,DRIFT-0006,2026-07-04 04:00:00,2026-07-04 15:00:00,22.12,28.76,1.300000
6,WT-2001,2026-07-04 19:00:00,MISSING,MISSING-0375,2026-07-04 19:00:00,2026-07-04 19:00:00,0.66,,
6,WT-2001,2026-07-04 20:00:00,MISSING,MISSING-0379,2026-07-04 20:00:00,2026-07-04 20:00:00,0.54,,
5,EL-1005,2026-07-04 23:00:00,MISSING,MISSING-0510,2026-07-04 23:00:00,2026-07-04 23:00:00,2.01,,
6,WT-2001,2026-07-04 23:00:00,MISSING,MISSING-0463,2026-07-04 23:00:00,2026-07-04 23:00:00,0.60,,
6,WT-2001,2026-07-05 04:00:00,SPIKE_LOW,OUTLIER-0211,2026-07-05 04:00:00,2026-07-05 04:00:00,0.52,0.05,0.100000
3,EL-1003,2026-07-05 10:00:00,MISSING,MISSING-0452,2026-07-05 10:00:00,2026-07-05 10:00:00,21.45,,
1,EL-1001,2026-07-05 13:00:00,MISSING,MISSING-0236,2026-07-05 13:00:00,2026-07-05 13:00:00,30.10,,
4,EL-1004,2026-07-05 13:00:00,SPIKE_HIGH,OUTLIER-0001,2026-07-05 13:00:00,2026-07-05 13:00:00,11.61,58.05,5.000000
1,EL-1001,2026-07-07 21:00:00,SPIKE_LOW,OUTLIER-0098,2026-07-07 21:00:00,2026-07-07 21:00:00,55.02,5.50,0.100000
4,EL-1004,2026-07-08 09:00:00,MISSING,MISSING-0398,2026-07-08 09:00:00,2026-07-08 09:00:00,62.41,,
5,EL-1005,2026-07-08 14:00:00,MISSING,MISSING-0342,2026-07-08 14:00:00,2026-07-08 14:00:00,22.51,,
5,EL-1005,2026-07-08 16:00:00,MISSING,MISSING-0061,2026-07-08 16:00:00,2026-07-08 16:00:00,22.26,,
6,WT-2001,2026-07-08 18:00:00,SPIKE_LOW,OUTLIER-0161,2026-07-08 18:00:00,2026-07-08 18:00:00,2.56,0.26,0.100000
5,EL-1005,2026-07-09 08:00:00,MISSING,MISSING-0166,2026-07-09 08:00:00,2026-07-09 08:00:00,22.80,,
6,WT-2001,2026-07-09 11:00:00,MISSING,MISSING-0486,2026-07-09 11:00:00,2026-07-09 11:00:00,6.85,,
5,EL-1005,2026-07-11 11:00:00,MISSING,MISSING-0142,2026-07-11 11:00:00,2026-07-11 11:00:00,4.17,,
6,WT-2001,2026-07-12 01:00:00,MISSING,MISSING-0062,2026-07-12 01:00:00,2026-07-12 01:00:00,0.60,,
5,EL-1005,2026-07-12 07:00:00,SPIKE_LOW,OUTLIER-0122,2026-07-12 07:00:00,2026-07-12 07:00:00,1.86,0.19,0.100000
3,EL-1003,2026-07-12 17:00:00,MISSING,MISSING-0433,2026-07-12 17:00:00,2026-07-12 17:00:00,20.53,,
3,EL-1003,2026-07-13 06:00:00,MISSING,MISSING-0435,2026-07-13 06:00:00,2026-07-13 06:00:00,35.13,,
5,EL-1005,2026-07-13 10:00:00,MISSING,MISSING-0518,2026-07-13 10:00:00,2026-07-13 10:00:00,20.83,,
4,EL-1004,2026-07-13 17:00:00,MISSING,MISSING-0306,2026-07-13 17:00:00,2026-07-13 17:00:00,51.65,,
6,WT-2001,2026-07-13 19:00:00,SPIKE_LOW,OUTLIER-0056,2026-07-13 19:00:00,2026-07-13 19:00:00,2.93,0.29,0.100000
4,EL-1004,2026-07-14 01:00:00,MISSING,MISSING-0464,2026-07-14 01:00:00,2026-07-14 01:00:00,26.13,,
1,EL-1001,2026-07-14 15:00:00,MISSING,MISSING-0173,2026-07-14 15:00:00,2026-07-14 15:00:00,113.16,,
2,EL-1002,2026-07-14 18:00:00,SPIKE_LOW,OUTLIER-0175,2026-07-14 18:00:00,2026-07-14 18:00:00,37.94,3.79,0.100000
4,EL-1004,2026-07-14 19:00:00,MISSING,MISSING-0462,2026-07-14 19:00:00,2026-07-14 19:00:00,24.29,,
4,EL-1004,2026-07-15 01:00:00,MISSING,MISSING-0141,2026-07-15 01:00:00,2026-07-15 01:00:00,21.40,,
4,EL-1004,2026-07-15 16:00:00,SPIKE_HIGH,OUTLIER-0022,2026-07-15 16:00:00,2026-07-15 16:00:00,55.62,278.10,5.000000
6,WT-2001,2026-07-15 21:00:00,MISSING,MISSING-0076,2026-07-15 21:00:00,2026-07-15 21:00:00,3.03,,
1,EL-1001,2026-07-16 01:00:00,MISSING,MISSING-0177,2026-07-16 01:00:00,2026-07-16 01:00:00,59.21,,
3,EL-1003,2026-07-17 00:00:00,MISSING,MISSING-0170,2026-07-17 00:00:00,2026-07-17 00:00:00,41.46,,
5,EL-1005,2026-07-17 01:00:00,MISSING,MISSING-0010,2026-07-17 01:00:00,2026-07-17 01:00:00,9.12,,
1,EL-1001,2026-07-17 03:00:00,MISSING,MISSING-0068,2026-07-17 03:00:00,2026-07-17 03:00:00,54.88,,
3,EL-1003,2026-07-17 04:00:00,MISSING,MISSING-0446,2026-07-17 04:00:00,2026-07-17 04:00:00,37.73,,
6,WT-2001,2026-07-17 22:00:00,MISSING,MISSING-0144,2026-07-17 22:00:00,2026-07-17 22:00:00,2.86,,
5,EL-1005,2026-07-18 12:00:00,MISSING,MISSING-0126,2026-07-18 12:00:00,2026-07-18 12:00:00,4.04,,
4,EL-1004,2026-07-18 14:00:00,MISSING,MISSING-0203,2026-07-18 14:00:00,2026-07-18 14:00:00,10.43,,
2,EL-1002,2026-07-18 15:00:00,MISSING,MISSING-0307,2026-07-18 15:00:00,2026-07-18 15:00:00,17.30,,
1,EL-1001,2026-07-18 19:00:00,MISSING,MISSING-0085,2026-07-18 19:00:00,2026-07-18 19:00:00,10.69,,
3,EL-1003,2026-07-21 06:00:00,MISSING,MISSING-0275,2026-07-21 06:00:00,2026-07-21 06:00:00,43.64,,
5,EL-1005,2026-07-22 02:00:00,SPIKE_LOW,OUTLIER-0188,2026-07-22 02:00:00,2026-07-22 02:00:00,9.57,0.96,0.100000
5,EL-1005,2026-07-22 09:00:00,SPIKE_LOW,OUTLIER-0031,2026-07-22 09:00:00,2026-07-22 09:00:00,22.42,2.24,0.100000
4,EL-1004,2026-07-22 22:00:00,MISSING,MISSING-0439,2026-07-22 22:00:00,2026-07-22 22:00:00,24.80,,
1,EL-1001,2026-07-23 16:00:00,SPIKE_LOW,OUTLIER-0032,2026-07-23 16:00:00,2026-07-23 16:00:00,125.37,12.54,0.100000
5,EL-1005,2026-07-23 18:00:00,MISSING,MISSING-0223,2026-07-23 18:00:00,2026-07-23 18:00:00,10.01,,
2,EL-1002,2026-07-24 04:00:00,SPIKE_LOW,OUTLIER-0137,2026-07-24 04:00:00,2026-07-24 04:00:00,36.59,3.66,0.100000
1,EL-1001,2026-07-24 15:00:00,SPIKE_HIGH,OUTLIER-0255,2026-07-24 15:00:00,2026-07-24 15:00:00,128.46,642.30,5.000000
4,EL-1004,2026-07-24 16:00:00,SPIKE_LOW,OUTLIER-0150,2026-07-24 16:00:00,2026-07-24 16:00:00,56.37,5.64,0.100000
5,EL-1005,2026-07-24 23:00:00,SPIKE_LOW,OUTLIER-0025,2026-07-24 23:00:00,2026-07-24 23:00:00,9.98,1.00,0.100000
2,EL-1002,2026-07-25 03:00:00,SPIKE_LOW,OUTLIER-0043,2026-07-25 03:00:00,2026-07-25 03:00:00,5.72,0.57,0.100000
1,EL-1001,2026-07-25 12:00:00,SPIKE_LOW,OUTLIER-0176,2026-07-25 12:00:00,2026-07-25 12:00:00,22.07,2.21,0.100000
3,EL-1003,2026-07-25 22:00:00,MISSING,MISSING-0455,2026-07-25 22:00:00,2026-07-25 22:00:00,9.17,,
6,WT-2001,2026-07-26 01:00:00,MISSING,MISSING-0288,2026-07-26 01:00:00,2026-07-26 01:00:00,0.51,,
2,EL-1002,2026-07-26 02:00:00,SPIKE_HIGH,OUTLIER-0060,2026-07-26 02:00:00,2026-07-26 02:00:00,7.20,36.00,5.000000
4,EL-1004,2026-07-26 18:00:00,MISSING,MISSING-0472,2026-07-26 18:00:00,2026-07-26 18:00:00,4.79,,
4,EL-1004,2026-07-27 00:00:00,SPIKE_LOW,OUTLIER-0167,2026-07-27 00:00:00,2026-07-27 00:00:00,22.56,2.26,0.100000
3,EL-1003,2026-07-28 18:00:00,MISSING,MISSING-0349,2026-07-28 18:00:00,2026-07-28 18:00:00,50.02,,
3,EL-1003,2026-07-30 09:00:00,SPIKE_HIGH,OUTLIER-0024,2026-07-30 09:00:00,2026-07-30 09:00:00,95.29,476.45,5.000000
4,EL-1004,2026-07-31 05:00:00,SPIKE_HIGH,OUTLIER-0036,2026-07-31 05:00:00,2026-07-31 05:00:00,26.46,132.30,5.000000
2,EL-1002,2026-07-31 14:00:00,MISSING,MISSING-0444,2026-07-31 14:00:00,2026-07-31 14:00:00,79.30,,
4,EL-1004,2026-07-31 15:00:00,MISSING,MISSING-0294,2026-07-31 15:00:00,2026-07-31 15:00:00,52.99,,
2,EL-1002,2026-07-31 19:00:00,MISSING,MISSING-0354,2026-07-31 19:00:00,2026-07-31 19:00:00,36.10,,
6,WT-2001,2026-08-01 02:00:00,SPIKE_HIGH,OUTLIER-0251,2026-08-01 02:00:00,2026-08-01 02:00:00,0.54,2.70,5.000000
5,EL-1005,2026-08-01 11:00:00,MISSING,MISSING-0494,2026-08-01 11:00:00,2026-08-01 11:00:00,4.00,,
2,EL-1002,2026-08-02 01:00:00,MISSING,MISSING-0113,2026-08-02 01:00:00,2026-08-02 01:00:00,6.61,,
6,WT-2001,2026-08-02 08:00:00,MISSING,MISSING-0023,2026-08-02 08:00:00,2026-08-02 08:00:00,1.40,,
3,EL-1003,2026-08-02 13:00:00,SPIKE_HIGH,OUTLIER-0027,2026-08-02 13:00:00,2026-08-02 13:00:00,19.62,98.10,5.000000
4,EL-1004,2026-08-02 17:00:00,MISSING,MISSING-0302,2026-08-02 17:00:00,2026-08-02 17:00:00,10.15,,
5,EL-1005,2026-08-02 19:00:00,MISSING,MISSING-0338,2026-08-02 19:00:00,2026-08-02 19:00:00,2.05,,
4,EL-1004,2026-08-03 01:00:00,MISSING,MISSING-0391,2026-08-03 01:00:00,2026-08-03 01:00:00,26.73,,
5,EL-1005,2026-08-03 07:00:00,SPIKE_HIGH,OUTLIER-0085,2026-08-03 07:00:00,2026-08-03 07:00:00,8.55,42.75,5.000000
5,EL-1005,2026-08-04 10:00:00,MISSING,MISSING-0353,2026-08-04 10:00:00,2026-08-04 10:00:00,18.86,,
1,EL-1001,2026-08-04 22:00:00,MISSING,MISSING-0072,2026-08-04 22:00:00,2026-08-04 22:00:00,52.73,,
4,EL-1004,2026-08-05 01:00:00,MISSING,MISSING-0524,2026-08-05 01:00:00,2026-08-05 01:00:00,24.99,,
4,EL-1004,2026-08-05 04:00:00,SPIKE_HIGH,OUTLIER-0045,2026-08-05 04:00:00,2026-08-05 04:00:00,28.81,144.05,5.000000
4,EL-1004,2026-08-05 15:00:00,MISSING,MISSING-0297,2026-08-05 15:00:00,2026-08-05 15:00:00,58.90,,
2,EL-1002,2026-08-06 04:00:00,MISSING,MISSING-0377,2026-08-06 04:00:00,2026-08-06 04:00:00,35.96,,
4,EL-1004,2026-08-06 13:00:00,MISSING,MISSING-0082,2026-08-06 13:00:00,2026-08-06 13:00:00,48.84,,
1,EL-1001,2026-08-06 19:00:00,MISSING,MISSING-0145,2026-08-06 19:00:00,2026-08-06 19:00:00,53.09,,
6,WT-2001,2026-08-07 02:00:00,SPIKE_HIGH,OUTLIER-0142,2026-08-07 02:00:00,2026-08-07 02:00:00,2.91,14.55,5.000000
1,EL-1001,2026-08-07 04:00:00,SPIKE_LOW,OUTLIER-0218,2026-08-07 04:00:00,2026-08-07 04:00:00,52.88,5.29,0.100000
6,WT-2001,2026-08-07 04:00:00,MISSING,MISSING-0245,2026-08-07 04:00:00,2026-08-07 04:00:00,2.85,,
1,EL-1001,2026-08-07 08:00:00,SPIKE_HIGH,OUTLIER-0172,2026-08-07 08:00:00,2026-08-07 08:00:00,98.71,493.55,5.000000
1,EL-1001,2026-08-07 16:00:00,MISSING,MISSING-0028,2026-08-07 16:00:00,2026-08-07 16:00:00,142.36,,
4,EL-1004,2026-08-08 04:00:00,SPIKE_LOW,OUTLIER-0152,2026-08-08 04:00:00,2026-08-08 04:00:00,4.14,0.41,0.100000
6,WT-2001,2026-08-08 08:00:00,DRIFT,DRIFT-0002,2026-08-08 08:00:00,2026-08-08 19:00:00,1.36,1.39,1.025000
6,WT-2001,2026-08-08 09:00:00,DRIFT,DRIFT-0002,2026-08-08 08:00:00,2026-08-08 19:00:00,1.30,1.37,1.050000
6,WT-2001,2026-08-08 10:00:00,DRIFT,DRIFT-0002,2026-08-08 08:00:00,2026-08-08 19:00:00,1.33,1.43,1.075000
6,WT-2001,2026-08-08 11:00:00,DRIFT,DRIFT-0002,2026-08-08 08:00:00,2026-08-08 19:00:00,1.34,1.47,1.100000
6,WT-2001,2026-08-08 12:00:00,DRIFT,DRIFT-0002,2026-08-08 08:00:00,2026-08-08 19:00:00,1.39,1.56,1.125000
6,WT-2001,2026-08-08 13:00:00,DRIFT,DRIFT-0002,2026-08-08 08:00:00,2026-08-08 19:00:00,1.26,1.45,1.150000
6,WT-2001,2026-08-08 14:00:00,DRIFT,DRIFT-0002,2026-08-08 08:00:00,2026-08-08 19:00:00,1.22,1.43,1.175000
6,WT-2001,2026-08-08 15:00:00,DRIFT,DRIFT-0002,2026-08-08 08:00:00,2026-08-08 19:00:00,1.54,1.85,1.200000
6,WT-2001,2026-08-08 16:00:00,DRIFT,DRIFT-0002,2026-08-08 08:00:00,2026-08-08 19:00:00,1.31,1.60,1.225000
6,WT-2001,2026-08-08 17:00:00,DRIFT,DRIFT-0002,2026-08-08 08:00:00,2026-08-08 19:00:00,1.37,1.71,1.250000
6,WT-2001,2026-08-08 18:00:00,DRIFT,DRIFT-0002,2026-08-08 08:00:00,2026-08-08 19:00:00,0.63,0.80,1.275000
6,WT-2001,2026-08-08 19:00:00,DRIFT,DRIFT-0002,2026-08-08 08:00:00,2026-08-08 19:00:00,0.49,0.64,1.300000
6,WT-2001,2026-08-08 22:00:00,MISSING,MISSING-0429,2026-08-08 22:00:00,2026-08-08 22:00:00,0.53,,
5,EL-1005,2026-08-09 10:00:00,SPIKE_LOW,OUTLIER-0035,2026-08-09 10:00:00,2026-08-09 10:00:00,4.74,0.47,0.100000
5,EL-1005,2026-08-09 18:00:00,SPIKE_LOW,OUTLIER-0086,2026-08-09 18:00:00,2026-08-09 18:00:00,2.12,0.21,0.100000
4,EL-1004,2026-08-10 07:00:00,SPIKE_LOW,OUTLIER-0226,2026-08-10 07:00:00,2026-08-10 07:00:00,20.87,2.09,0.100000
4,EL-1004,2026-08-10 20:00:00,SPIKE_HIGH,OUTLIER-0062,2026-08-10 20:00:00,2026-08-10 20:00:00,22.41,112.05,5.000000
4,EL-1004,2026-08-10 22:00:00,SPIKE_LOW,OUTLIER-0039,2026-08-10 22:00:00,2026-08-10 22:00:00,24.64,2.46,0.100000
6,WT-2001,2026-08-12 01:00:00,MISSING,MISSING-0015,2026-08-12 01:00:00,2026-08-12 01:00:00,2.64,,
4,EL-1004,2026-08-12 18:00:00,MISSING,MISSING-0182,2026-08-12 18:00:00,2026-08-12 18:00:00,24.65,,
4,EL-1004,2026-08-13 13:00:00,MISSING,MISSING-0392,2026-08-13 13:00:00,2026-08-13 13:00:00,53.46,,
1,EL-1001,2026-08-13 14:00:00,MISSING,MISSING-0339,2026-08-13 14:00:00,2026-08-13 14:00:00,126.64,,
6,WT-2001,2026-08-13 23:00:00,MISSING,MISSING-0258,2026-08-13 23:00:00,2026-08-13 23:00:00,3.00,,
4,EL-1004,2026-08-14 12:00:00,SPIKE_LOW,OUTLIER-0139,2026-08-14 12:00:00,2026-08-14 12:00:00,56.21,5.62,0.100000
3,EL-1003,2026-08-14 15:00:00,SPIKE_LOW,OUTLIER-0033,2026-08-14 15:00:00,2026-08-14 15:00:00,97.25,9.73,0.100000
2,EL-1002,2026-08-14 21:00:00,SPIKE_HIGH,OUTLIER-0052,2026-08-14 21:00:00,2026-08-14 21:00:00,41.35,206.75,5.000000
1,EL-1001,2026-08-14 23:00:00,SPIKE_HIGH,OUTLIER-0112,2026-08-14 23:00:00,2026-08-14 23:00:00,54.44,272.20,5.000000
2,EL-1002,2026-08-15 01:00:00,MISSING,MISSING-0456,2026-08-15 01:00:00,2026-08-15 01:00:00,7.57,,
3,EL-1003,2026-08-15 04:00:00,SPIKE_LOW,OUTLIER-0110,2026-08-15 04:00:00,2026-08-15 04:00:00,8.01,0.80,0.100000
4,EL-1004,2026-08-15 06:00:00,MISSING,MISSING-0517,2026-08-15 06:00:00,2026-08-15 06:00:00,5.00,,
6,WT-2001,2026-08-15 15:00:00,MISSING,MISSING-0285,2026-08-15 15:00:00,2026-08-15 15:00:00,1.26,,
3,EL-1003,2026-08-15 19:00:00,MISSING,MISSING-0075,2026-08-15 19:00:00,2026-08-15 19:00:00,8.85,,
2,EL-1002,2026-08-16 20:00:00,MISSING,MISSING-0425,2026-08-16 20:00:00,2026-08-16 20:00:00,6.84,,
6,WT-2001,2026-08-17 05:00:00,SPIKE_LOW,OUTLIER-0119,2026-08-17 05:00:00,2026-08-17 05:00:00,3.08,0.31,0.100000
6,WT-2001,2026-08-17 17:00:00,SPIKE_HIGH,OUTLIER-0054,2026-08-17 17:00:00,2026-08-17 17:00:00,5.77,28.85,5.000000
1,EL-1001,2026-08-17 19:00:00,MISSING,MISSING-0136,2026-08-17 19:00:00,2026-08-17 19:00:00,56.98,,
2,EL-1002,2026-08-17 21:00:00,SPIKE_LOW,OUTLIER-0131,2026-08-17 21:00:00,2026-08-17 21:00:00,33.79,3.38,0.100000
1,EL-1001,2026-08-18 15:00:00,SPIKE_LOW,OUTLIER-0233,2026-08-18 15:00:00,2026-08-18 15:00:00,127.67,12.77,0.100000
6,WT-2001,2026-08-18 15:00:00,MISSING,MISSING-0402,2026-08-18 15:00:00,2026-08-18 15:00:00,6.78,,
5,EL-1005,2026-08-19 01:00:00,SPIKE_HIGH,OUTLIER-0232,2026-08-19 01:00:00,2026-08-19 01:00:00,9.46,47.30,5.000000
3,EL-1003,2026-08-19 21:00:00,MISSING,MISSING-0315,2026-08-19 21:00:00,2026-08-19 21:00:00,41.98,,
1,EL-1001,2026-08-20 02:00:00,MISSING,MISSING-0229,2026-08-20 02:00:00,2026-08-20 02:00:00,55.85,,
3,EL-1003,2026-08-20 23:00:00,MISSING,MISSING-0118,2026-08-20 23:00:00,2026-08-20 23:00:00,45.64,,
5,EL-1005,2026-08-21 07:00:00,SPIKE_HIGH,OUTLIER-0187,2026-08-21 07:00:00,2026-08-21 07:00:00,9.76,48.80,5.000000
4,EL-1004,2026-08-21 10:00:00,MISSING,MISSING-0183,2026-08-21 10:00:00,2026-08-21 10:00:00,60.27,,
4,EL-1004,2026-08-21 20:00:00,MISSING,MISSING-0046,2026-08-21 20:00:00,2026-08-21 20:00:00,24.85,,
5,EL-1005,2026-08-22 03:00:00,MISSING,MISSING-0410,2026-08-22 03:00:00,2026-08-22 03:00:00,2.00,,
1,EL-1001,2026-08-22 15:00:00,MISSING,MISSING-0040,2026-08-22 15:00:00,2026-08-22 15:00:00,23.91,,
4,EL-1004,2026-08-23 10:00:00,MISSING,MISSING-0384,2026-08-23 10:00:00,2026-08-23 10:00:00,10.75,,
6,WT-2001,2026-08-24 07:00:00,MISSING,MISSING-0295,2026-08-24 07:00:00,2026-08-24 07:00:00,2.84,,
1,EL-1001,2026-08-24 08:00:00,MISSING,MISSING-0405,2026-08-24 08:00:00,2026-08-24 08:00:00,123.76,,
6,WT-2001,2026-08-24 12:00:00,MISSING,MISSING-0365,2026-08-24 12:00:00,2026-08-24 12:00:00,6.13,,
3,EL-1003,2026-08-24 22:00:00,SPIKE_HIGH,OUTLIER-0084,2026-08-24 22:00:00,2026-08-24 22:00:00,43.90,219.50,5.000000
3,EL-1003,2026-08-25 01:00:00,SPIKE_LOW,OUTLIER-0182,2026-08-25 01:00:00,2026-08-25 01:00:00,44.97,4.50,0.100000
3,EL-1003,2026-08-26 03:00:00,MISSING,MISSING-0154,2026-08-26 03:00:00,2026-08-26 03:00:00,49.91,,
4,EL-1004,2026-08-26 13:00:00,SPIKE_LOW,OUTLIER-0253,2026-08-26 13:00:00,2026-08-26 13:00:00,53.81,5.38,0.100000
6,WT-2001,2026-08-26 17:00:00,MISSING,MISSING-0441,2026-08-26 17:00:00,2026-08-26 17:00:00,7.14,,
2,EL-1002,2026-08-27 14:00:00,SPIKE_LOW,OUTLIER-0254,2026-08-27 14:00:00,2026-08-27 14:00:00,70.31,7.03,0.100000
6,WT-2001,2026-08-28 15:00:00,MISSING,MISSING-0011,2026-08-28 15:00:00,2026-08-28 15:00:00,7.26,,
6,WT-2001,2026-08-28 16:00:00,MISSING,MISSING-0335,2026-08-28 16:00:00,2026-08-28 16:00:00,6.96,,
5,EL-1005,2026-08-29 14:00:00,SPIKE_LOW,OUTLIER-0244,2026-08-29 14:00:00,2026-08-29 14:00:00,3.83,0.38,0.100000
4,EL-1004,2026-08-30 05:00:00,SPIKE_HIGH,OUTLIER-0208,2026-08-30 05:00:00,2026-08-30 05:00:00,5.21,26.05,5.000000
6,WT-2001,2026-08-30 12:00:00,SPIKE_HIGH,OUTLIER-0053,2026-08-30 12:00:00,2026-08-30 12:00:00,1.35,6.75,5.000000
4,EL-1004,2026-08-30 16:00:00,SPIKE_HIGH,OUTLIER-0225,2026-08-30 16:00:00,2026-08-30 16:00:00,10.70,53.50,5.000000
5,EL-1005,2026-08-30 21:00:00,MISSING,MISSING-0415,2026-08-30 21:00:00,2026-08-30 21:00:00,2.07,,
1,EL-1001,2026-08-31 02:00:00,MISSING,MISSING-0237,2026-08-31 02:00:00,2026-08-31 02:00:00,59.06,,
3,EL-1003,2026-08-31 13:00:00,MISSING,MISSING-0522,2026-08-31 13:00:00,2026-08-31 13:00:00,96.33,,
3,EL-1003,2026-08-31 23:00:00,MISSING,MISSING-0363,2026-08-31 23:00:00,2026-08-31 23:00:00,47.70,,
3,EL-1003,2026-09-02 01:00:00,MISSING,MISSING-0396,2026-09-02 01:00:00,2026-09-02 01:00:00,40.09,,
1,EL-1001,2026-09-03 06:00:00,MISSING,MISSING-0146,2026-09-03 06:00:00,2026-09-03 06:00:00,52.44,,
5,EL-1005,2026-09-05 14:00:00,MISSING,MISSING-0417,2026-09-05 14:00:00,2026-09-05 14:00:00,3.76,,
3,EL-1003,2026-09-06 04:00:00,MISSING,MISSING-0432,2026-09-06 04:00:00,2026-09-06 04:00:00,8.71,,
2,EL-1002,2026-09-06 05:00:00,MISSING,MISSING-0523,2026-09-06 05:00:00,2026-09-06 05:00:00,6.19,,
1,EL-1001,2026-09-06 07:00:00,SPIKE_HIGH,OUTLIER-0078,2026-09-06 07:00:00,2026-09-06 07:00:00,9.50,47.50,5.000000
5,EL-1005,2026-09-06 08:00:00,MISSING,MISSING-0108,2026-09-06 08:00:00,2026-09-06 08:00:00,3.82,,
2,EL-1002,2026-09-06 15:00:00,MISSING,MISSING-0069,2026-09-06 15:00:00,2026-09-06 15:00:00,14.59,,
3,EL-1003,2026-09-06 23:00:00,SPIKE_HIGH,OUTLIER-0108,2026-09-06 23:00:00,2026-09-06 23:00:00,8.01,40.05,5.000000
3,EL-1003,2026-09-07 00:00:00,SPIKE_LOW,OUTLIER-0140,2026-09-07 00:00:00,2026-09-07 00:00:00,37.30,3.73,0.100000
5,EL-1005,2026-09-07 00:00:00,SPIKE_LOW,OUTLIER-0073,2026-09-07 00:00:00,2026-09-07 00:00:00,7.99,0.80,0.100000
4,EL-1004,2026-09-07 22:00:00,MISSING,MISSING-0426,2026-09-07 22:00:00,2026-09-07 22:00:00,21.96,,
3,EL-1003,2026-09-08 09:00:00,SPIKE_LOW,OUTLIER-0179,2026-09-08 09:00:00,2026-09-08 09:00:00,87.45,8.75,0.100000
4,EL-1004,2026-09-08 22:00:00,SPIKE_HIGH,OUTLIER-0006,2026-09-08 22:00:00,2026-09-08 22:00:00,19.85,99.25,5.000000
6,WT-2001,2026-09-09 13:00:00,SPIKE_HIGH,OUTLIER-0070,2026-09-09 13:00:00,2026-09-09 13:00:00,5.17,25.85,5.000000
5,EL-1005,2026-09-10 18:00:00,SPIKE_HIGH,OUTLIER-0040,2026-09-10 18:00:00,2026-09-10 18:00:00,8.33,41.65,5.000000
5,EL-1005,2026-09-11 03:00:00,MISSING,MISSING-0467,2026-09-11 03:00:00,2026-09-11 03:00:00,8.18,,
3,EL-1003,2026-09-11 05:00:00,MISSING,MISSING-0106,2026-09-11 05:00:00,2026-09-11 05:00:00,41.73,,
1,EL-1001,2026-09-11 20:00:00,MISSING,MISSING-0262,2026-09-11 20:00:00,2026-09-11 20:00:00,40.25,,
3,EL-1003,2026-09-12 18:00:00,MISSING,MISSING-0091,2026-09-12 18:00:00,2026-09-12 18:00:00,7.62,,
6,WT-2001,2026-09-12 20:00:00,MISSING,MISSING-0224,2026-09-12 20:00:00,2026-09-12 20:00:00,0.43,,
5,EL-1005,2026-09-13 09:00:00,MISSING,MISSING-0191,2026-09-13 09:00:00,2026-09-13 09:00:00,3.62,,
3,EL-1003,2026-09-14 11:00:00,MISSING,MISSING-0406,2026-09-14 11:00:00,2026-09-14 11:00:00,86.00,,
4,EL-1004,2026-09-14 18:00:00,MISSING,MISSING-0250,2026-09-14 18:00:00,2026-09-14 18:00:00,23.28,,
3,EL-1003,2026-09-15 12:00:00,MISSING,MISSING-0514,2026-09-15 12:00:00,2026-09-15 12:00:00,90.09,,
2,EL-1002,2026-09-17 03:00:00,MISSING,MISSING-0232,2026-09-17 03:00:00,2026-09-17 03:00:00,36.56,,
6,WT-2001,2026-09-17 07:00:00,MISSING,MISSING-0276,2026-09-17 07:00:00,2026-09-17 07:00:00,2.38,,
2,EL-1002,2026-09-17 11:00:00,DRIFT,DRIFT-0010,2026-09-17 11:00:00,2026-09-17 22:00:00,88.43,90.64,1.025000
2,EL-1002,2026-09-17 12:00:00,DRIFT,DRIFT-0010,2026-09-17 11:00:00,2026-09-17 22:00:00,74.07,77.77,1.050000
2,EL-1002,2026-09-17 13:00:00,DRIFT,DRIFT-0010,2026-09-17 11:00:00,2026-09-17 22:00:00,75.32,80.97,1.075000
1,EL-1001,2026-09-17 14:00:00,SPIKE_HIGH,OUTLIER-0105,2026-09-17 14:00:00,2026-09-17 14:00:00,115.83,579.15,5.000000
2,EL-1002,2026-09-17 14:00:00,DRIFT,DRIFT-0010,2026-09-17 11:00:00,2026-09-17 22:00:00,70.57,77.63,1.100000
2,EL-1002,2026-09-17 15:00:00,DRIFT,DRIFT-0010,2026-09-17 11:00:00,2026-09-17 22:00:00,76.33,85.87,1.125000
2,EL-1002,2026-09-17 16:00:00,DRIFT,DRIFT-0010,2026-09-17 11:00:00,2026-09-17 22:00:00,68.31,78.56,1.150000
2,EL-1002,2026-09-17 17:00:00,DRIFT,DRIFT-0010,2026-09-17 11:00:00,2026-09-17 22:00:00,73.93,86.87,1.175000
2,EL-1002,2026-09-17 18:00:00,DRIFT,DRIFT-0010,2026-09-17 11:00:00,2026-09-17 22:00:00,28.87,34.64,1.200000
2,EL-1002,2026-09-17 19:00:00,DRIFT,DRIFT-0010,2026-09-17 11:00:00,2026-09-17 22:00:00,33.07,40.51,1.225000
2,EL-1002,2026-09-17 20:00:00,DRIFT,DRIFT-0010,2026-09-17 11:00:00,2026-09-17 22:00:00,31.45,39.31,1.250000
2,EL-1002,2026-09-17 21:00:00,DRIFT,DRIFT-0010,2026-09-17 11:00:00,2026-09-17 22:00:00,29.22,37.26,1.275000
2,EL-1002,2026-09-17 22:00:00,DRIFT,DRIFT-0010,2026-09-17 11:00:00,2026-09-17 22:00:00,32.11,41.74,1.300000
3,EL-1003,2026-09-18 00:00:00,MISSING,MISSING-0120,2026-09-18 00:00:00,2026-09-18 00:00:00,40.59,,
4,EL-1004,2026-09-18 02:00:00,MISSING,MISSING-0290,2026-09-18 02:00:00,2026-09-18 02:00:00,19.30,,
6,WT-2001,2026-09-18 06:00:00,MISSING,MISSING-0220,2026-09-18 06:00:00,2026-09-18 06:00:00,2.39,,
5,EL-1005,2026-09-18 09:00:00,MISSING,MISSING-0071,2026-09-18 09:00:00,2026-09-18 09:00:00,19.51,,
5,EL-1005,2026-09-18 18:00:00,SPIKE_LOW,OUTLIER-0155,2026-09-18 18:00:00,2026-09-18 18:00:00,7.42,0.74,0.100000
3,EL-1003,2026-09-18 19:00:00,MISSING,MISSING-0039,2026-09-18 19:00:00,2026-09-18 19:00:00,38.62,,
2,EL-1002,2026-09-19 20:00:00,MISSING,MISSING-0194,2026-09-19 20:00:00,2026-09-19 20:00:00,6.08,,
5,EL-1005,2026-09-20 05:00:00,MISSING,MISSING-0371,2026-09-20 05:00:00,2026-09-20 05:00:00,1.62,,
3,EL-1003,2026-09-20 14:00:00,MISSING,MISSING-0206,2026-09-20 14:00:00,2026-09-20 14:00:00,20.39,,
6,WT-2001,2026-09-21 13:00:00,SPIKE_HIGH,OUTLIER-0206,2026-09-21 13:00:00,2026-09-21 13:00:00,5.44,27.20,5.000000
1,EL-1001,2026-09-21 14:00:00,SPIKE_LOW,OUTLIER-0111,2026-09-21 14:00:00,2026-09-21 14:00:00,115.84,11.58,0.100000
4,EL-1004,2026-09-21 22:00:00,MISSING,MISSING-0525,2026-09-21 22:00:00,2026-09-21 22:00:00,22.60,,
5,EL-1005,2026-09-22 09:00:00,MISSING,MISSING-0077,2026-09-22 09:00:00,2026-09-22 09:00:00,20.39,,
4,EL-1004,2026-09-23 06:00:00,MISSING,MISSING-0359,2026-09-23 06:00:00,2026-09-23 06:00:00,18.99,,
5,EL-1005,2026-09-24 12:00:00,SPIKE_LOW,OUTLIER-0157,2026-09-24 12:00:00,2026-09-24 12:00:00,18.33,1.83,0.100000
5,EL-1005,2026-09-24 13:00:00,MISSING,MISSING-0424,2026-09-24 13:00:00,2026-09-24 13:00:00,17.22,,
2,EL-1002,2026-09-24 17:00:00,SPIKE_LOW,OUTLIER-0117,2026-09-24 17:00:00,2026-09-24 17:00:00,70.78,7.08,0.100000
5,EL-1005,2026-09-24 22:00:00,MISSING,MISSING-0081,2026-09-24 22:00:00,2026-09-24 22:00:00,8.32,,
4,EL-1004,2026-09-26 02:00:00,MISSING,MISSING-0175,2026-09-26 02:00:00,2026-09-26 02:00:00,4.05,,
1,EL-1001,2026-09-26 10:00:00,SPIKE_HIGH,OUTLIER-0075,2026-09-26 10:00:00,2026-09-26 10:00:00,24.65,123.25,5.000000
3,EL-1003,2026-09-27 14:00:00,MISSING,MISSING-0344,2026-09-27 14:00:00,2026-09-27 14:00:00,14.35,,
4,EL-1004,2026-09-27 17:00:00,SPIKE_HIGH,OUTLIER-0228,2026-09-27 17:00:00,2026-09-27 17:00:00,10.65,53.25,5.000000
2,EL-1002,2026-09-28 00:00:00,SPIKE_HIGH,OUTLIER-0064,2026-09-28 00:00:00,2026-09-28 00:00:00,30.18,150.90,5.000000
4,EL-1004,2026-09-28 01:00:00,MISSING,MISSING-0479,2026-09-28 01:00:00,2026-09-28 01:00:00,19.44,,
3,EL-1003,2026-09-28 17:00:00,MISSING,MISSING-0401,2026-09-28 17:00:00,2026-09-28 17:00:00,79.62,,
4,EL-1004,2026-09-29 06:00:00,MISSING,MISSING-0058,2026-09-29 06:00:00,2026-09-29 06:00:00,24.17,,
1,EL-1001,2026-09-29 07:00:00,MISSING,MISSING-0008,2026-09-29 07:00:00,2026-09-29 07:00:00,51.26,,
3,EL-1003,2026-09-29 11:00:00,MISSING,MISSING-0219,2026-09-29 11:00:00,2026-09-29 11:00:00,89.08,,
5,EL-1005,2026-09-30 01:00:00,MISSING,MISSING-0178,2026-09-30 01:00:00,2026-09-30 01:00:00,7.35,,
1,EL-1001,2026-09-30 09:00:00,SPIKE_HIGH,OUTLIER-0029,2026-09-30 09:00:00,2026-09-30 09:00:00,118.76,593.80,5.000000
1,EL-1001,2026-10-01 18:00:00,MISSING,MISSING-0318,2026-10-01 18:00:00,2026-10-01 18:00:00,50.95,,
1,EL-1001,2026-10-01 20:00:00,MISSING,MISSING-0209,2026-10-01 20:00:00,2026-10-01 20:00:00,47.13,,
5,EL-1005,2026-10-02 03:00:00,MISSING,MISSING-0242,2026-10-02 03:00:00,2026-10-02 03:00:00,8.56,,
6,WT-2001,2026-10-02 08:00:00,MISSING,MISSING-0184,2026-10-02 08:00:00,2026-10-02 08:00:00,6.02,,
1,EL-1001,2026-10-03 17:00:00,SPIKE_LOW,OUTLIER-0250,2026-10-03 17:00:00,2026-10-03 17:00:00,23.76,2.38,0.100000
2,EL-1002,2026-10-04 17:00:00,MISSING,MISSING-0001,2026-10-04 17:00:00,2026-10-04 17:00:00,14.12,,
5,EL-1005,2026-10-04 19:00:00,SPIKE_LOW,OUTLIER-0192,2026-10-04 19:00:00,2026-10-04 19:00:00,1.69,0.17,0.100000
3,EL-1003,2026-10-04 20:00:00,SPIKE_LOW,OUTLIER-0121,2026-10-04 20:00:00,2026-10-04 20:00:00,7.48,0.75,0.100000
6,WT-2001,2026-10-05 13:00:00,MISSING,MISSING-0249,2026-10-05 13:00:00,2026-10-05 13:00:00,5.75,,
2,EL-1002,2026-10-06 00:00:00,MISSING,MISSING-0280,2026-10-06 00:00:00,2026-10-06 00:00:00,34.29,,
4,EL-1004,2026-10-06 01:00:00,SPIKE_HIGH,OUTLIER-0146,2026-10-06 01:00:00,2026-10-06 01:00:00,22.15,110.75,5.000000
2,EL-1002,2026-10-06 08:00:00,MISSING,MISSING-0491,2026-10-06 08:00:00,2026-10-06 08:00:00,71.14,,
3,EL-1003,2026-10-06 18:00:00,MISSING,MISSING-0163,2026-10-06 18:00:00,2026-10-06 18:00:00,40.22,,
1,EL-1001,2026-10-06 23:00:00,MISSING,MISSING-0190,2026-10-06 23:00:00,2026-10-06 23:00:00,48.21,,
6,WT-2001,2026-10-07 01:00:00,DRIFT,DRIFT-0008,2026-10-07 01:00:00,2026-10-07 12:00:00,2.12,2.17,1.025000
6,WT-2001,2026-10-07 02:00:00,DRIFT,DRIFT-0008,2026-10-07 01:00:00,2026-10-07 12:00:00,2.39,2.51,1.050000
6,WT-2001,2026-10-07 03:00:00,DRIFT,DRIFT-0008,2026-10-07 01:00:00,2026-10-07 12:00:00,2.33,2.50,1.075000
6,WT-2001,2026-10-07 04:00:00,DRIFT,DRIFT-0008,2026-10-07 01:00:00,2026-10-07 12:00:00,2.38,2.62,1.100000
6,WT-2001,2026-10-07 05:00:00,DRIFT,DRIFT-0008,2026-10-07 01:00:00,2026-10-07 12:00:00,2.55,2.87,1.125000
6,WT-2001,2026-10-07 06:00:00,DRIFT,DRIFT-0008,2026-10-07 01:00:00,2026-10-07 12:00:00,2.30,2.64,1.150000
6,WT-2001,2026-10-07 07:00:00,DRIFT,DRIFT-0008,2026-10-07 01:00:00,2026-10-07 12:00:00,2.76,3.24,1.175000
6,WT-2001,2026-10-07 08:00:00,DRIFT,DRIFT-0008,2026-10-07 01:00:00,2026-10-07 12:00:00,5.58,6.70,1.200000
6,WT-2001,2026-10-07 09:00:00,DRIFT,DRIFT-0008,2026-10-07 01:00:00,2026-10-07 12:00:00,4.99,6.11,1.225000
6,WT-2001,2026-10-07 10:00:00,DRIFT,DRIFT-0008,2026-10-07 01:00:00,2026-10-07 12:00:00,5.53,6.91,1.250000
6,WT-2001,2026-10-07 11:00:00,DRIFT,DRIFT-0008,2026-10-07 01:00:00,2026-10-07 12:00:00,5.50,7.01,1.275000
6,WT-2001,2026-10-07 12:00:00,DRIFT,DRIFT-0008,2026-10-07 01:00:00,2026-10-07 12:00:00,5.38,6.99,1.300000
3,EL-1003,2026-10-07 19:00:00,MISSING,MISSING-0407,2026-10-07 19:00:00,2026-10-07 19:00:00,32.22,,
1,EL-1001,2026-10-09 22:00:00,MISSING,MISSING-0520,2026-10-09 22:00:00,2026-10-09 22:00:00,52.96,,
5,EL-1005,2026-10-10 16:00:00,MISSING,MISSING-0038,2026-10-10 16:00:00,2026-10-10 16:00:00,3.72,,
3,EL-1003,2026-10-11 14:00:00,MISSING,MISSING-0041,2026-10-11 14:00:00,2026-10-11 14:00:00,18.52,,
5,EL-1005,2026-10-11 17:00:00,MISSING,MISSING-0498,2026-10-11 17:00:00,2026-10-11 17:00:00,3.99,,
4,EL-1004,2026-10-12 03:00:00,MISSING,MISSING-0289,2026-10-12 03:00:00,2026-10-12 03:00:00,22.57,,
3,EL-1003,2026-10-12 09:00:00,MISSING,MISSING-0422,2026-10-12 09:00:00,2026-10-12 09:00:00,82.54,,
6,WT-2001,2026-10-13 22:00:00,MISSING,MISSING-0509,2026-10-13 22:00:00,2026-10-13 22:00:00,2.36,,
6,WT-2001,2026-10-14 01:00:00,MISSING,MISSING-0189,2026-10-14 01:00:00,2026-10-14 01:00:00,2.49,,
6,WT-2001,2026-10-15 08:00:00,SPIKE_LOW,OUTLIER-0061,2026-10-15 08:00:00,2026-10-15 08:00:00,5.36,0.54,0.100000
4,EL-1004,2026-10-17 10:00:00,MISSING,MISSING-0222,2026-10-17 10:00:00,2026-10-17 10:00:00,10.07,,
5,EL-1005,2026-10-18 05:00:00,MISSING,MISSING-0300,2026-10-18 05:00:00,2026-10-18 05:00:00,1.58,,
5,EL-1005,2026-10-18 12:00:00,SPIKE_LOW,OUTLIER-0083,2026-10-18 12:00:00,2026-10-18 12:00:00,4.07,0.41,0.100000
1,EL-1001,2026-10-19 16:00:00,SPIKE_LOW,OUTLIER-0007,2026-10-19 16:00:00,2026-10-19 16:00:00,115.21,11.52,0.100000
3,EL-1003,2026-10-19 16:00:00,MISSING,MISSING-0158,2026-10-19 16:00:00,2026-10-19 16:00:00,76.16,,
6,WT-2001,2026-10-20 10:00:00,MISSING,MISSING-0235,2026-10-20 10:00:00,2026-10-20 10:00:00,5.24,,
4,EL-1004,2026-10-21 03:00:00,SPIKE_LOW,OUTLIER-0224,2026-10-21 03:00:00,2026-10-21 03:00:00,20.07,2.01,0.100000
1,EL-1001,2026-10-21 07:00:00,MISSING,MISSING-0151,2026-10-21 07:00:00,2026-10-21 07:00:00,48.07,,
2,EL-1002,2026-10-21 09:00:00,MISSING,MISSING-0168,2026-10-21 09:00:00,2026-10-21 09:00:00,68.04,,
5,EL-1005,2026-10-21 18:00:00,MISSING,MISSING-0413,2026-10-21 18:00:00,2026-10-21 18:00:00,8.38,,
1,EL-1001,2026-10-21 20:00:00,SPIKE_LOW,OUTLIER-0099,2026-10-21 20:00:00,2026-10-21 20:00:00,50.79,5.08,0.100000
2,EL-1002,2026-10-22 07:00:00,SPIKE_HIGH,OUTLIER-0210,2026-10-22 07:00:00,2026-10-22 07:00:00,30.50,152.50,5.000000
4,EL-1004,2026-10-23 02:00:00,MISSING,MISSING-0147,2026-10-23 02:00:00,2026-10-23 02:00:00,25.03,,
4,EL-1004,2026-10-24 02:00:00,MISSING,MISSING-0477,2026-10-24 02:00:00,2026-10-24 02:00:00,3.73,,
6,WT-2001,2026-10-24 04:00:00,SPIKE_HIGH,OUTLIER-0195,2026-10-24 04:00:00,2026-10-24 04:00:00,0.46,2.30,5.000000
2,EL-1002,2026-10-24 07:00:00,SPIKE_HIGH,OUTLIER-0153,2026-10-24 07:00:00,2026-10-24 07:00:00,5.81,29.05,5.000000
3,EL-1003,2026-10-24 20:00:00,MISSING,MISSING-0372,2026-10-24 20:00:00,2026-10-24 20:00:00,8.45,,
6,WT-2001,2026-10-25 20:00:00,MISSING,MISSING-0470,2026-10-25 20:00:00,2026-10-25 20:00:00,0.53,,
5,EL-1005,2026-10-25 22:00:00,MISSING,MISSING-0508,2026-10-25 22:00:00,2026-10-25 22:00:00,1.72,,
2,EL-1002,2026-10-26 05:00:00,MISSING,MISSING-0445,2026-10-26 05:00:00,2026-10-26 05:00:00,29.26,,
2,EL-1002,2026-10-26 08:00:00,MISSING,MISSING-0240,2026-10-26 08:00:00,2026-10-26 08:00:00,76.47,,
4,EL-1004,2026-10-26 18:00:00,MISSING,MISSING-0234,2026-10-26 18:00:00,2026-10-26 18:00:00,20.18,,
1,EL-1001,2026-10-26 23:00:00,MISSING,MISSING-0169,2026-10-26 23:00:00,2026-10-26 23:00:00,47.04,,
2,EL-1002,2026-10-27 01:00:00,SPIKE_HIGH,OUTLIER-0149,2026-10-27 01:00:00,2026-10-27 01:00:00,29.27,146.35,5.000000
3,EL-1003,2026-10-27 13:00:00,MISSING,MISSING-0208,2026-10-27 13:00:00,2026-10-27 13:00:00,89.63,,
2,EL-1002,2026-10-28 03:00:00,MISSING,MISSING-0065,2026-10-28 03:00:00,2026-10-28 03:00:00,29.00,,
6,WT-2001,2026-10-29 06:00:00,MISSING,MISSING-0174,2026-10-29 06:00:00,2026-10-29 06:00:00,2.35,,
4,EL-1004,2026-10-29 20:00:00,SPIKE_HIGH,OUTLIER-0041,2026-10-29 20:00:00,2026-10-29 20:00:00,20.83,104.15,5.000000
4,EL-1004,2026-10-30 14:00:00,MISSING,MISSING-0211,2026-10-30 14:00:00,2026-10-30 14:00:00,44.17,,
2,EL-1002,2026-10-30 15:00:00,SPIKE_LOW,OUTLIER-0162,2026-10-30 15:00:00,2026-10-30 15:00:00,71.83,7.18,0.100000
2,EL-1002,2026-10-31 08:00:00,MISSING,MISSING-0296,2026-10-31 08:00:00,2026-10-31 08:00:00,14.97,,
3,EL-1003,2026-10-31 09:00:00,SPIKE_LOW,OUTLIER-0243,2026-10-31 09:00:00,2026-10-31 09:00:00,16.39,1.64,0.100000
4,EL-1004,2026-10-31 10:00:00,SPIKE_LOW,OUTLIER-0212,2026-10-31 10:00:00,2026-10-31 10:00:00,8.31,0.83,0.100000
5,EL-1005,2026-10-31 23:00:00,MISSING,MISSING-0221,2026-10-31 23:00:00,2026-10-31 23:00:00,1.75,,
6,WT-2001,2026-11-01 00:00:00,MISSING,MISSING-0195,2026-11-01 00:00:00,2026-11-01 00:00:00,0.41,,
1,EL-1001,2026-11-01 19:00:00,MISSING,MISSING-0393,2026-11-01 19:00:00,2026-11-01 19:00:00,11.42,,
5,EL-1005,2026-11-02 00:00:00,MISSING,MISSING-0293,2026-11-02 00:00:00,2026-11-02 00:00:00,8.79,,
4,EL-1004,2026-11-02 16:00:00,SPIKE_HIGH,OUTLIER-0197,2026-11-02 16:00:00,2026-11-02 16:00:00,47.17,235.85,5.000000
5,EL-1005,2026-11-02 22:00:00,MISSING,MISSING-0284,2026-11-02 22:00:00,2026-11-02 22:00:00,8.41,,
1,EL-1001,2026-11-03 06:00:00,MISSING,MISSING-0316,2026-11-03 06:00:00,2026-11-03 06:00:00,52.81,,
6,WT-2001,2026-11-03 16:00:00,MISSING,MISSING-0500,2026-11-03 16:00:00,2026-11-03 16:00:00,5.60,,
1,EL-1001,2026-11-03 18:00:00,SPIKE_LOW,OUTLIER-0013,2026-11-03 18:00:00,2026-11-03 18:00:00,46.56,4.66,0.100000
6,WT-2001,2026-11-03 23:00:00,SPIKE_LOW,OUTLIER-0158,2026-11-03 23:00:00,2026-11-03 23:00:00,2.16,0.22,0.100000
5,EL-1005,2026-11-04 07:00:00,SPIKE_HIGH,OUTLIER-0089,2026-11-04 07:00:00,2026-11-04 07:00:00,8.35,41.75,5.000000
1,EL-1001,2026-11-04 20:00:00,MISSING,MISSING-0148,2026-11-04 20:00:00,2026-11-04 20:00:00,50.09,,
5,EL-1005,2026-11-05 00:00:00,MISSING,MISSING-0487,2026-11-05 00:00:00,2026-11-05 00:00:00,8.94,,
2,EL-1002,2026-11-06 07:00:00,SPIKE_LOW,OUTLIER-0198,2026-11-06 07:00:00,2026-11-06 07:00:00,31.77,3.18,0.100000
3,EL-1003,2026-11-06 08:00:00,SPIKE_LOW,OUTLIER-0080,2026-11-06 08:00:00,2026-11-06 08:00:00,88.84,8.88,0.100000
3,EL-1003,2026-11-06 12:00:00,SPIKE_LOW,OUTLIER-0238,2026-11-06 12:00:00,2026-11-06 12:00:00,84.22,8.42,0.100000
3,EL-1003,2026-11-07 09:00:00,MISSING,MISSING-0215,2026-11-07 09:00:00,2026-11-07 09:00:00,18.07,,
5,EL-1005,2026-11-07 09:00:00,MISSING,MISSING-0057,2026-11-07 09:00:00,2026-11-07 09:00:00,4.03,,
1,EL-1001,2026-11-07 22:00:00,MISSING,MISSING-0355,2026-11-07 22:00:00,2026-11-07 22:00:00,10.17,,
5,EL-1005,2026-11-08 06:00:00,SPIKE_HIGH,OUTLIER-0127,2026-11-08 06:00:00,2026-11-08 06:00:00,1.37,6.85,5.000000
6,WT-2001,2026-11-08 22:00:00,MISSING,MISSING-0027,2026-11-08 22:00:00,2026-11-08 22:00:00,0.52,,
2,EL-1002,2026-11-09 13:00:00,SPIKE_HIGH,OUTLIER-0097,2026-11-09 13:00:00,2026-11-09 13:00:00,64.08,320.40,5.000000
6,WT-2001,2026-11-09 14:00:00,SPIKE_HIGH,OUTLIER-0071,2026-11-09 14:00:00,2026-11-09 14:00:00,5.87,29.35,5.000000
3,EL-1003,2026-11-09 15:00:00,MISSING,MISSING-0346,2026-11-09 15:00:00,2026-11-09 15:00:00,78.55,,
2,EL-1002,2026-11-10 04:00:00,MISSING,MISSING-0198,2026-11-10 04:00:00,2026-11-10 04:00:00,33.24,,
4,EL-1004,2026-11-10 05:00:00,SPIKE_HIGH,OUTLIER-0257,2026-11-10 05:00:00,2026-11-10 05:00:00,19.80,99.00,5.000000
6,WT-2001,2026-11-10 10:00:00,MISSING,MISSING-0457,2026-11-10 10:00:00,2026-11-10 10:00:00,5.55,,
3,EL-1003,2026-11-10 14:00:00,SPIKE_LOW,OUTLIER-0246,2026-11-10 14:00:00,2026-11-10 14:00:00,86.62,8.66,0.100000
6,WT-2001,2026-11-12 00:00:00,MISSING,MISSING-0526,2026-11-12 00:00:00,2026-11-12 00:00:00,2.33,,
2,EL-1002,2026-11-12 04:00:00,MISSING,MISSING-0312,2026-11-12 04:00:00,2026-11-12 04:00:00,30.58,,
6,WT-2001,2026-11-12 14:00:00,MISSING,MISSING-0255,2026-11-12 14:00:00,2026-11-12 14:00:00,5.51,,
5,EL-1005,2026-11-14 15:00:00,MISSING,MISSING-0352,2026-11-14 15:00:00,2026-11-14 15:00:00,4.36,,
1,EL-1001,2026-11-17 15:00:00,MISSING,MISSING-0369,2026-11-17 15:00:00,2026-11-17 15:00:00,114.09,,
3,EL-1003,2026-11-17 20:00:00,SPIKE_HIGH,OUTLIER-0231,2026-11-17 20:00:00,2026-11-17 20:00:00,41.81,209.05,5.000000
1,EL-1001,2026-11-18 08:00:00,MISSING,MISSING-0054,2026-11-18 08:00:00,2026-11-18 08:00:00,102.97,,
6,WT-2001,2026-11-18 20:00:00,MISSING,MISSING-0087,2026-11-18 20:00:00,2026-11-18 20:00:00,2.43,,
3,EL-1003,2026-11-19 05:00:00,MISSING,MISSING-0153,2026-11-19 05:00:00,2026-11-19 05:00:00,38.21,,
1,EL-1001,2026-11-19 14:00:00,MISSING,MISSING-0162,2026-11-19 14:00:00,2026-11-19 14:00:00,108.06,,
3,EL-1003,2026-11-20 09:00:00,MISSING,MISSING-0274,2026-11-20 09:00:00,2026-11-20 09:00:00,95.51,,
1,EL-1001,2026-11-20 11:00:00,SPIKE_HIGH,OUTLIER-0087,2026-11-20 11:00:00,2026-11-20 11:00:00,115.83,579.15,5.000000
2,EL-1002,2026-11-20 12:00:00,MISSING,MISSING-0226,2026-11-20 12:00:00,2026-11-20 12:00:00,81.08,,
1,EL-1001,2026-11-20 22:00:00,SPIKE_LOW,OUTLIER-0088,2026-11-20 22:00:00,2026-11-20 22:00:00,51.07,5.11,0.100000
6,WT-2001,2026-11-21 01:00:00,MISSING,MISSING-0414,2026-11-21 01:00:00,2026-11-21 01:00:00,0.52,,
3,EL-1003,2026-11-21 04:00:00,SPIKE_HIGH,OUTLIER-0123,2026-11-21 04:00:00,2026-11-21 04:00:00,6.81,34.05,5.000000
6,WT-2001,2026-11-21 07:00:00,SPIKE_LOW,OUTLIER-0240,2026-11-21 07:00:00,2026-11-21 07:00:00,0.45,0.05,0.100000
3,EL-1003,2026-11-21 13:00:00,SPIKE_LOW,OUTLIER-0148,2026-11-21 13:00:00,2026-11-21 13:00:00,16.47,1.65,0.100000
3,EL-1003,2026-11-21 22:00:00,MISSING,MISSING-0110,2026-11-21 22:00:00,2026-11-21 22:00:00,7.53,,
2,EL-1002,2026-11-22 05:00:00,MISSING,MISSING-0107,2026-11-22 05:00:00,2026-11-22 05:00:00,5.93,,
6,WT-2001,2026-11-23 10:00:00,MISSING,MISSING-0389,2026-11-23 10:00:00,2026-11-23 10:00:00,5.94,,
6,WT-2001,2026-11-23 16:00:00,MISSING,MISSING-0088,2026-11-23 16:00:00,2026-11-23 16:00:00,5.63,,
5,EL-1005,2026-11-24 03:00:00,MISSING,MISSING-0381,2026-11-24 03:00:00,2026-11-24 03:00:00,8.19,,
4,EL-1004,2026-11-24 20:00:00,MISSING,MISSING-0093,2026-11-24 20:00:00,2026-11-24 20:00:00,21.52,,
5,EL-1005,2026-11-25 10:00:00,MISSING,MISSING-0373,2026-11-25 10:00:00,2026-11-25 10:00:00,16.85,,
2,EL-1002,2026-11-25 12:00:00,MISSING,MISSING-0347,2026-11-25 12:00:00,2026-11-25 12:00:00,69.21,,
6,WT-2001,2026-11-26 12:00:00,MISSING,MISSING-0376,2026-11-26 12:00:00,2026-11-26 12:00:00,5.64,,
2,EL-1002,2026-11-27 09:00:00,SPIKE_HIGH,OUTLIER-0129,2026-11-27 09:00:00,2026-11-27 09:00:00,63.84,319.20,5.000000
1,EL-1001,2026-11-27 18:00:00,MISSING,MISSING-0341,2026-11-27 18:00:00,2026-11-27 18:00:00,50.46,,
2,EL-1002,2026-11-27 20:00:00,MISSING,MISSING-0212,2026-11-27 20:00:00,2026-11-27 20:00:00,32.73,,
5,EL-1005,2026-11-27 23:00:00,SPIKE_LOW,OUTLIER-0113,2026-11-27 23:00:00,2026-11-27 23:00:00,8.04,0.80,0.100000
3,EL-1003,2026-11-28 00:00:00,MISSING,MISSING-0187,2026-11-28 00:00:00,2026-11-28 00:00:00,7.93,,
6,WT-2001,2026-11-28 19:00:00,MISSING,MISSING-0051,2026-11-28 19:00:00,2026-11-28 19:00:00,0.47,,
3,EL-1003,2026-11-28 21:00:00,MISSING,MISSING-0080,2026-11-28 21:00:00,2026-11-28 21:00:00,8.43,,
2,EL-1002,2026-11-29 16:00:00,MISSING,MISSING-0304,2026-11-29 16:00:00,2026-11-29 16:00:00,15.90,,
2,EL-1002,2026-11-30 05:00:00,MISSING,MISSING-0086,2026-11-30 05:00:00,2026-11-30 05:00:00,32.96,,
2,EL-1002,2026-11-30 07:00:00,MISSING,MISSING-0105,2026-11-30 07:00:00,2026-11-30 07:00:00,27.92,,
3,EL-1003,2026-11-30 12:00:00,SPIKE_HIGH,OUTLIER-0030,2026-11-30 12:00:00,2026-11-30 12:00:00,87.84,439.20,5.000000
5,EL-1005,2026-11-30 15:00:00,MISSING,MISSING-0438,2026-11-30 15:00:00,2026-11-30 15:00:00,22.32,,
2,EL-1002,2026-11-30 20:00:00,MISSING,MISSING-0278,2026-11-30 20:00:00,2026-11-30 20:00:00,32.81,,
1,EL-1001,2026-11-30 21:00:00,MISSING,MISSING-0199,2026-11-30 21:00:00,2026-11-30 21:00:00,46.03,,
5,EL-1005,2026-12-01 00:00:00,SPIKE_HIGH,OUTLIER-0191,2026-12-01 00:00:00,2026-12-01 00:00:00,9.97,49.85,5.000000
6,WT-2001,2026-12-01 05:00:00,MISSING,MISSING-0497,2026-12-01 05:00:00,2026-12-01 05:00:00,2.74,,
6,WT-2001,2026-12-02 14:00:00,SPIKE_LOW,OUTLIER-0229,2026-12-02 14:00:00,2026-12-02 14:00:00,6.58,0.66,0.100000
3,EL-1003,2026-12-02 22:00:00,MISSING,MISSING-0473,2026-12-02 22:00:00,2026-12-02 22:00:00,46.80,,
2,EL-1002,2026-12-03 12:00:00,MISSING,MISSING-0409,2026-12-03 12:00:00,2026-12-03 12:00:00,84.19,,
1,EL-1001,2026-12-03 13:00:00,MISSING,MISSING-0321,2026-12-03 13:00:00,2026-12-03 13:00:00,132.59,,
3,EL-1003,2026-12-03 22:00:00,MISSING,MISSING-0423,2026-12-03 22:00:00,2026-12-03 22:00:00,44.82,,
3,EL-1003,2026-12-04 08:00:00,SPIKE_LOW,OUTLIER-0014,2026-12-04 08:00:00,2026-12-04 08:00:00,102.68,10.27,0.100000
2,EL-1002,2026-12-05 08:00:00,MISSING,MISSING-0176,2026-12-05 08:00:00,2026-12-05 08:00:00,16.91,,
6,WT-2001,2026-12-05 18:00:00,MISSING,MISSING-0012,2026-12-05 18:00:00,2026-12-05 18:00:00,0.57,,
2,EL-1002,2026-12-06 10:00:00,SPIKE_HIGH,OUTLIER-0227,2026-12-06 10:00:00,2026-12-06 10:00:00,17.17,85.85,5.000000
3,EL-1003,2026-12-06 11:00:00,MISSING,MISSING-0440,2026-12-06 11:00:00,2026-12-06 11:00:00,21.33,,
2,EL-1002,2026-12-07 03:00:00,MISSING,MISSING-0094,2026-12-07 03:00:00,2026-12-07 03:00:00,33.15,,
2,EL-1002,2026-12-07 11:00:00,MISSING,MISSING-0070,2026-12-07 11:00:00,2026-12-07 11:00:00,77.16,,
6,WT-2001,2026-12-07 17:00:00,SPIKE_LOW,OUTLIER-0168,2026-12-07 17:00:00,2026-12-07 17:00:00,5.78,0.58,0.100000
4,EL-1004,2026-12-07 19:00:00,SPIKE_LOW,OUTLIER-0049,2026-12-07 19:00:00,2026-12-07 19:00:00,25.27,2.53,0.100000
5,EL-1005,2026-12-09 16:00:00,MISSING,MISSING-0351,2026-12-09 16:00:00,2026-12-09 16:00:00,19.24,,
2,EL-1002,2026-12-09 18:00:00,MISSING,MISSING-0427,2026-12-09 18:00:00,2026-12-09 18:00:00,35.10,,
5,EL-1005,2026-12-09 20:00:00,MISSING,MISSING-0157,2026-12-09 20:00:00,2026-12-09 20:00:00,10.45,,
6,WT-2001,2026-12-12 02:00:00,MISSING,MISSING-0112,2026-12-12 02:00:00,2026-12-12 02:00:00,0.59,,
4,EL-1004,2026-12-12 05:00:00,SPIKE_LOW,OUTLIER-0003,2026-12-12 05:00:00,2026-12-12 05:00:00,5.04,0.50,0.100000
1,EL-1001,2026-12-13 07:00:00,MISSING,MISSING-0348,2026-12-13 07:00:00,2026-12-13 07:00:00,10.71,,
6,WT-2001,2026-12-13 23:00:00,MISSING,MISSING-0152,2026-12-13 23:00:00,2026-12-13 23:00:00,0.64,,
6,WT-2001,2026-12-14 16:00:00,SPIKE_LOW,OUTLIER-0171,2026-12-14 16:00:00,2026-12-14 16:00:00,6.84,0.68,0.100000
4,EL-1004,2026-12-14 22:00:00,SPIKE_HIGH,OUTLIER-0214,2026-12-14 22:00:00,2026-12-14 22:00:00,23.56,117.80,5.000000
1,EL-1001,2026-12-14 23:00:00,MISSING,MISSING-0323,2026-12-14 23:00:00,2026-12-14 23:00:00,57.22,,
2,EL-1002,2026-12-15 03:00:00,MISSING,MISSING-0036,2026-12-15 03:00:00,2026-12-15 03:00:00,37.14,,
4,EL-1004,2026-12-15 03:00:00,SPIKE_HIGH,OUTLIER-0220,2026-12-15 03:00:00,2026-12-15 03:00:00,25.04,125.20,5.000000
3,EL-1003,2026-12-15 04:00:00,MISSING,MISSING-0056,2026-12-15 04:00:00,2026-12-15 04:00:00,42.46,,
1,EL-1001,2026-12-15 12:00:00,MISSING,MISSING-0243,2026-12-15 12:00:00,2026-12-15 12:00:00,127.20,,
6,WT-2001,2026-12-16 12:00:00,MISSING,MISSING-0362,2026-12-16 12:00:00,2026-12-16 12:00:00,6.61,,
5,EL-1005,2026-12-17 03:00:00,MISSING,MISSING-0272,2026-12-17 03:00:00,2026-12-17 03:00:00,9.78,,
3,EL-1003,2026-12-17 22:00:00,SPIKE_LOW,OUTLIER-0202,2026-12-17 22:00:00,2026-12-17 22:00:00,43.18,4.32,0.100000
6,WT-2001,2026-12-18 18:00:00,SPIKE_LOW,OUTLIER-0245,2026-12-18 18:00:00,2026-12-18 18:00:00,2.80,0.28,0.100000
4,EL-1004,2026-12-18 23:00:00,MISSING,MISSING-0466,2026-12-18 23:00:00,2026-12-18 23:00:00,21.74,,
5,EL-1005,2026-12-19 05:00:00,MISSING,MISSING-0186,2026-12-19 05:00:00,2026-12-19 05:00:00,2.09,,
5,EL-1005,2026-12-19 22:00:00,MISSING,MISSING-0386,2026-12-19 22:00:00,2026-12-19 22:00:00,1.72,,
4,EL-1004,2026-12-20 04:00:00,MISSING,MISSING-0111,2026-12-20 04:00:00,2026-12-20 04:00:00,5.13,,
6,WT-2001,2026-12-20 21:00:00,MISSING,MISSING-0239,2026-12-20 21:00:00,2026-12-20 21:00:00,0.49,,
6,WT-2001,2026-12-21 23:00:00,MISSING,MISSING-0281,2026-12-21 23:00:00,2026-12-21 23:00:00,2.62,,
2,EL-1002,2026-12-22 01:00:00,SPIKE_HIGH,OUTLIER-0095,2026-12-22 01:00:00,2026-12-22 01:00:00,32.22,161.10,5.000000
2,EL-1002,2026-12-22 15:00:00,MISSING,MISSING-0016,2026-12-22 15:00:00,2026-12-22 15:00:00,82.49,,
3,EL-1003,2026-12-22 16:00:00,MISSING,MISSING-0129,2026-12-22 16:00:00,2026-12-22 16:00:00,99.95,,
2,EL-1002,2026-12-22 22:00:00,SPIKE_LOW,OUTLIER-0106,2026-12-22 22:00:00,2026-12-22 22:00:00,35.28,3.53,0.100000
2,EL-1002,2026-12-23 23:00:00,MISSING,MISSING-0031,2026-12-23 23:00:00,2026-12-23 23:00:00,33.52,,
4,EL-1004,2026-12-24 05:00:00,SPIKE_LOW,OUTLIER-0145,2026-12-24 05:00:00,2026-12-24 05:00:00,27.11,2.71,0.100000
6,WT-2001,2026-12-24 13:00:00,MISSING,MISSING-0378,2026-12-24 13:00:00,2026-12-24 13:00:00,6.97,,
2,EL-1002,2026-12-24 21:00:00,SPIKE_HIGH,OUTLIER-0263,2026-12-24 21:00:00,2026-12-24 21:00:00,32.61,163.05,5.000000
4,EL-1004,2026-12-24 22:00:00,SPIKE_HIGH,OUTLIER-0037,2026-12-24 22:00:00,2026-12-24 22:00:00,24.88,124.40,5.000000
4,EL-1004,2026-12-25 05:00:00,MISSING,MISSING-0266,2026-12-25 05:00:00,2026-12-25 05:00:00,24.60,,
3,EL-1003,2026-12-25 09:00:00,MISSING,MISSING-0298,2026-12-25 09:00:00,2026-12-25 09:00:00,99.48,,
4,EL-1004,2026-12-25 10:00:00,MISSING,MISSING-0138,2026-12-25 10:00:00,2026-12-25 10:00:00,47.38,,
1,EL-1001,2026-12-25 18:00:00,MISSING,MISSING-0465,2026-12-25 18:00:00,2026-12-25 18:00:00,56.06,,
2,EL-1002,2026-12-25 18:00:00,MISSING,MISSING-0505,2026-12-25 18:00:00,2026-12-25 18:00:00,37.41,,
4,EL-1004,2026-12-27 02:00:00,MISSING,MISSING-0361,2026-12-27 02:00:00,2026-12-27 02:00:00,4.99,,
5,EL-1005,2026-12-27 08:00:00,MISSING,MISSING-0230,2026-12-27 08:00:00,2026-12-27 08:00:00,4.91,,
6,WT-2001,2026-12-27 11:00:00,MISSING,MISSING-0047,2026-12-27 11:00:00,2026-12-27 11:00:00,1.47,,
3,EL-1003,2026-12-27 14:00:00,MISSING,MISSING-0519,2026-12-27 14:00:00,2026-12-27 14:00:00,22.08,,
4,EL-1004,2026-12-27 14:00:00,MISSING,MISSING-0309,2026-12-27 14:00:00,2026-12-27 14:00:00,11.71,,
1,EL-1001,2026-12-29 16:00:00,MISSING,MISSING-0421,2026-12-29 16:00:00,2026-12-29 16:00:00,125.33,,
2,EL-1002,2026-12-31 02:00:00,MISSING,MISSING-0264,2026-12-31 02:00:00,2026-12-31 02:00:00,36.16,,
6,WT-2001,2026-12-31 02:00:00,MISSING,MISSING-0059,2026-12-31 02:00:00,2026-12-31 02:00:00,2.48,,
5,EL-1005,2026-12-31 06:00:00,SPIKE_HIGH,OUTLIER-0256,2026-12-31 06:00:00,2026-12-31 06:00:00,8.68,43.40,5.000000
6,WT-2001,2026-12-31 11:00:00,MISSING,MISSING-0238,2026-12-31 11:00:00,2026-12-31 11:00:00,5.83,,
5,EL-1005,2026-12-31 23:00:00,MISSING,MISSING-0043,2026-12-31 23:00:00,2026-12-31 23:00:00,9.19,,
